genre,movie_id
Animation,569094
 Action,569094
 Adventure,569094
 Science Fiction,569094
Animation,324857
 Action,324857
 Adventure,324857
 Science Fiction,324857
Family,1184918
 Animation,1184918
 Science Fiction,1184918
 Adventure,1184918
Animation,823219
 Adventure,823219
 Fantasy,823219
 Family,823219
Animation,2062
 Comedy,2062
 Family,2062
 Fantasy,2062
Family,354912
 Animation,354912
 Music,354912
 Adventure,354912
Animation,14160
 Comedy,14160
 Family,14160
 Adventure,14160
Animation,12
 Family,12
 Adventure,12
Animation,150540
 Family,150540
 Adventure,150540
 Drama,150540
 Comedy,150540
Family,862
 Comedy,862
 Animation,862
 Adventure,862
Family,301528
 Comedy,301528
 Animation,301528
 Adventure,301528
Animation,863
 Comedy,863
 Family,863
Animation,808
 Comedy,808
 Fantasy,808
 Adventure,808
 Family,808
Animation,10193
 Family,10193
 Comedy,10193
Family,399106
 Animation,399106
Action,9806
 Adventure,9806
 Animation,9806
 Family,9806
Adventure,1084242
 Animation,1084242
 Comedy,1084242
 Family,1084242
 Mystery,1084242
Animation,585
 Comedy,585
 Family,585
Animation,315162
 Adventure,315162
 Fantasy,315162
 Comedy,315162
 Family,315162
Animation,508442
 Family,508442
 Drama,508442
 Music,508442
 Fantasy,508442
Fantasy,82702
 Action,82702
 Adventure,82702
 Animation,82702
 Family,82702
Fantasy,10191
 Adventure,10191
 Animation,10191
 Family,10191
Animation,269149
 Adventure,269149
 Family,269149
 Comedy,269149
Animation,13042
 Family,13042
 Comedy,13042
Animation,501929
 Adventure,501929
 Comedy,501929
Animation,1327819
 Family,1327819
 Science Fiction,1327819
 Comedy,1327819
 Adventure,1327819
Fantasy,803796
 Music,803796
 Comedy,803796
 Animation,803796
Animation,527774
 Family,527774
 Fantasy,527774
 Adventure,527774
 Action,527774
Adventure,277834
 Comedy,277834
 Family,277834
 Animation,277834
Animation,736073
 Mystery,736073
 Action,736073
 Crime,736073
Animation,698687
 Science Fiction,698687
 Adventure,698687
 Family,698687
Animation,514754
 Family,514754
 Fantasy,514754
 Drama,514754
 Comedy,514754
Animation,83564
 Family,83564
 Fantasy,83564
Action,260513
 Adventure,260513
 Animation,260513
 Family,260513
Animation,166428
 Family,166428
 Adventure,166428
Animation,38757
 Family,38757
 Adventure,38757
Animation,1234397
 Documentary,1234397
Animation,1022789
 Adventure,1022789
 Comedy,1022789
 Family,1022789
Animation,568124
 Comedy,568124
 Family,568124
 Fantasy,568124
Animation,13929
 Comedy,13929
 Family,13929
Animation,13930
 Family,13930
 Comedy,13930
Adventure,177572
 Family,177572
 Animation,177572
 Action,177572
 Comedy,177572
Action,980477
 Adventure,980477
 Animation,980477
 Fantasy,980477
Animation,886396
 Action,886396
 Science Fiction,886396
Animation,610150
 Science Fiction,610150
 Action,610150
Adventure,213121
 Animation,213121
 Comedy,213121
 Family,213121
Family,13060
 Animation,13060
 Science Fiction,13060
 Comedy,13060
Animation,44896
 Comedy,44896
 Family,44896
 Western,44896
 Adventure,44896
Action,9502
 Animation,9502
 Comedy,9502
 Drama,9502
 Family,9502
Family,82690
 Animation,82690
 Comedy,82690
 Adventure,82690
Animation,560057
 Adventure,560057
 Action,560057
 Family,560057
 Fantasy,560057
Animation,508943
 Family,508943
 Fantasy,508943
 Comedy,508943
 Drama,508943
Animation,62211
 Family,62211
Animation,809
 Family,809
 Comedy,809
 Fantasy,809
 Romance,809
Animation,508947
 Family,508947
 Comedy,508947
 Fantasy,508947
Animation,13933
 Family,13933
 Music,13933
 Comedy,13933
Animation,200481
 Romance,200481
Animation,614930
 Comedy,614930
 Action,614930
 Science Fiction,614930
Animation,615453
 Fantasy,615453
 Adventure,615453
Animation,228326
 Adventure,228326
 Comedy,228326
 Family,228326
 Fantasy,228326
Family,9487
 Animation,9487
 Adventure,9487
 Comedy,9487
Adventure,127380
 Animation,127380
 Family,127380
Animation,1297842
 Comedy,1297842
 Family,1297842
Animation,1235137
 Comedy,1235137
 Drama,1235137
 Science Fiction,1235137
Animation,1106299
 Drama,1106299
Animation,829402
 Science Fiction,829402
 Family,829402
 Action,829402
Animation,13413
 Family,13413
 Comedy,13413
 Science Fiction,13413
Animation,482321
 Science Fiction,482321
 Family,482321
 Comedy,482321
Adventure,13932
 Animation,13932
 Family,13932
Animation,324849
 Action,324849
 Comedy,324849
 Family,324849
Animation,19026
 Family,19026
Animation,433694
 Adventure,433694
 Family,433694
 History,433694
 War,433694
Animation,15165
 Family,15165
 Comedy,15165
Animation,13002
 Family,13002
Animation,49444
 Family,49444
 Comedy,49444
Animation,20352
 Comedy,20352
 Crime,20352
 Family,20352
 Science Fiction,20352
Animation,109445
 Family,109445
 Adventure,109445
 Fantasy,109445
Action,1588237
 Animation,1588237
 Fantasy,1588237
Animation,1383072
 Action,1383072
 Fantasy,1383072
 Drama,1383072
Animation,1299652
 Mystery,1299652
 Science Fiction,1299652
 Drama,1299652
Adventure,17578
 Animation,17578
 Mystery,17578
Animation,13004
 Family,13004
Adventure,614587
 Animation,614587
 Comedy,614587
 Crime,614587
 Mystery,614587
Family,330457
 Animation,330457
 Adventure,330457
 Comedy,330457
 Fantasy,330457
Family,73456
 Animation,73456
 Fantasy,73456
Drama,51052
 Animation,51052
 Family,51052
 Comedy,51052
Animation,920
 Adventure,920
 Comedy,920
 Family,920
Family,1175942
 Comedy,1175942
 Crime,1175942
 Adventure,1175942
 Animation,1175942
Animation,1167307
 Family,1167307
 Drama,1167307
 Music,1167307
Animation,1155058
 Drama,1155058
 Science Fiction,1155058
Family,774370
 Comedy,774370
 Adventure,774370
 Animation,774370
 Action,774370
Animation,597316
 Family,597316
 Fantasy,597316
 Comedy,597316
 Adventure,597316
Animation,425
 Comedy,425
 Family,425
 Adventure,425
Animation,13928
 Family,13928
Animation,82881
 Comedy,82881
 Action,82881
 Family,82881
Animation,91417
 Comedy,91417
 Adventure,91417
 Family,91417
Action,629542
 Animation,629542
 Comedy,629542
 Crime,629542
 Family,629542
Animation,508439
 Family,508439
 Fantasy,508439
 Adventure,508439
 Comedy,508439
Animation,265712
 Adventure,265712
 Science Fiction,265712
 Drama,265712
 Family,265712
 Fantasy,265712
Animation,25475
 Family,25475
 Adventure,25475
 Fantasy,25475
Animation,13179
 Family,13179
 Adventure,13179
 Fantasy,13179
Animation,647
 Action,647
 Adventure,647
 Fantasy,647
 Science Fiction,647
Animation,140300
 Action,140300
 Adventure,140300
 Comedy,140300
 Family,140300
Animation,1117857
 Family,1117857
 Comedy,1117857
 Adventure,1117857
 Fantasy,1117857
Animation,26809
 Fantasy,26809
 Family,26809
Adventure,77459
 Animation,77459
 Comedy,77459
 Family,77459
 Fantasy,77459
Animation,81188
 Family,81188
 Fantasy,81188
 Action,81188
 Adventure,81188
Animation,62177
 Family,62177
 Fantasy,62177
 Adventure,62177
Animation,286192
 Family,286192
Adventure,46247
 Animation,46247
 Comedy,46247
 Family,46247
 Science Fiction,46247
Animation,13925
 Comedy,13925
Fantasy,79000
 Animation,79000
Animation,38055
 Action,38055
 Comedy,38055
 Family,38055
 Science Fiction,38055
Animation,93456
 Comedy,93456
 Family,93456
Animation,1432547
 Action,1432547
 Mystery,1432547
 Science Fiction,1432547
Adventure,1022787
 Animation,1022787
 Comedy,1022787
 Family,1022787
 Science Fiction,1022787
Family,539681
 Comedy,539681
 Adventure,539681
 Animation,539681
 Science Fiction,539681
Family,431580
 Animation,431580
 Adventure,431580
 Comedy,431580
 Fantasy,431580
Animation,404368
 Family,404368
 Adventure,404368
 Science Fiction,404368
 Comedy,404368
 Action,404368
Animation,24528
 Action,24528
 Thriller,24528
Animation,283161
Animation,15906
 Family,15906
 Romance,15906
Action,133121
 Animation,133121
 Science Fiction,133121
 Horror,133121
Animation,396263
 Science Fiction,396263
 Action,396263
Animation,75258
 Family,75258
 Fantasy,75258
 Adventure,75258
Animation,13053
 Family,13053
 Adventure,13053
 Comedy,13053
Animation,901362
 Family,901362
 Music,901362
 Fantasy,901362
 Comedy,901362
 Adventure,901362
Animation,13981
 Action,13981
 Thriller,13981
 Science Fiction,13981
Animation,550205
 Family,550205
 Comedy,550205
 Fantasy,550205
 Romance,550205
 Adventure,550205
Animation,560044
 Comedy,560044
 Family,560044
 Fantasy,560044
Animation,431693
 Action,431693
 Adventure,431693
 Comedy,431693
 Family,431693
Animation,523777
 Action,523777
 Adventure,523777
 Comedy,523777
 Family,523777
 Science Fiction,523777
Animation,77887
 Family,77887
 Comedy,77887
Animation,13283
 Family,13283
Animation,204436
 Romance,204436
 Adventure,204436
 Drama,204436
 Fantasy,204436
Animation,44683
 Adventure,44683
 Family,44683
 Fantasy,44683
Adventure,297270
 Animation,297270
 Family,297270
Comedy,227973
 Animation,227973
 Family,227973
Animation,1075794
 Comedy,1075794
 Family,1075794
Animation,976573
 Family,976573
 Romance,976573
 Fantasy,976573
 Comedy,976573
Animation,844075
 Adventure,844075
 Fantasy,844075
 Comedy,844075
Animation,718789
 Science Fiction,718789
 Family,718789
 Adventure,718789
Animation,663558
 Fantasy,663558
 Action,663558
Animation,46195
 Adventure,46195
 Comedy,46195
 Family,46195
Animation,12222
 Comedy,12222
 Family,12222
 Adventure,12222
 Fantasy,12222
Animation,1267
 Comedy,1267
 Family,1267
 Science Fiction,1267
 Adventure,1267
Animation,8916
 Comedy,8916
 Adventure,8916
Animation,13931
 Comedy,13931
 Family,13931
Adventure,83201
 Animation,83201
 Comedy,83201
 Family,83201
Action,438148
 Animation,438148
 Adventure,438148
 Comedy,438148
 Family,438148
 Fantasy,438148
 Science Fiction,438148
Animation,529203
 Family,529203
 Adventure,529203
 Fantasy,529203
 Comedy,529203
Romance,573699
 Animation,573699
 Fantasy,573699
Animation,13285
 Family,13285
 Adventure,13285
 Fantasy,13285
Animation,15015
 Family,15015
Animation,9408
 Comedy,9408
 Family,9408
Adventure,7518
 Animation,7518
 Comedy,7518
 Family,7518
Animation,417859
 Family,417859
 Fantasy,417859
 Adventure,417859
 Comedy,417859
Animation,22794
 Comedy,22794
 Family,22794
Animation,49519
 Adventure,49519
 Family,49519
 Comedy,49519
Animation,335797
 Music,335797
 Comedy,335797
 Family,335797
Animation,1139829
 Family,1139829
 Comedy,1139829
 Fantasy,1139829
 Adventure,1139829
Animation,645757
 Comedy,645757
 Family,645757
 Fantasy,645757
 Adventure,645757
Family,675445
 Comedy,675445
 Adventure,675445
 Animation,675445
Adventure,5255
 Animation,5255
 Family,5255
 Fantasy,5255
Animation,9297
 Comedy,9297
 Family,9297
 Fantasy,9297
Animation,17963
 Adventure,17963
 Comedy,17963
 Family,17963
Animation,326359
 Family,326359
 Adventure,326359
 Comedy,326359
Animation,456154
 Family,456154
Animation,454640
 Adventure,454640
 Comedy,454640
 Family,454640
Animation,54551
 Family,54551
 Comedy,54551
Animation,15016
 Family,15016
Family,177271
 Animation,177271
 Adventure,177271
 Comedy,177271
Animation,170522
 Comedy,170522
 Adventure,170522
 Family,170522
Animation,175112
 Family,175112
Animation,82703
 Science Fiction,82703
 Comedy,82703
 Adventure,82703
 Family,82703
Animation,80321
 Family,80321
 Comedy,80321
 Adventure,80321
Animation,1181107
 Family,1181107
 Fantasy,1181107
 Drama,1181107
 Adventure,1181107
Family,893723
 Comedy,893723
 Adventure,893723
 Animation,893723
Animation,730840
 Fantasy,730840
 Family,730840
 Action,730840
 Adventure,730840
Animation,741074
 Family,741074
 Comedy,741074
 Fantasy,741074
Animation,229407
 Family,229407
 Comedy,229407
 Science Fiction,229407
Animation,15854
 Family,15854
 Action,15854
Animation,449406
 Family,449406
 Comedy,449406
Family,152581
 Animation,152581
 TV Movie,152581
Animation,82424
 Family,82424
 Comedy,82424
Animation,10258
 Comedy,10258
 Family,10258
Animation,23566
 Family,23566
Adventure,11619
 Animation,11619
 Comedy,11619
 Family,11619
Animation,17979
 Fantasy,17979
 Drama,17979
 Family,17979
Animation,1205229
 Comedy,1205229
 Horror,1205229
 Adventure,1205229
 Science Fiction,1205229
 Family,1205229
Animation,776835
 Adventure,776835
 Family,776835
 Fantasy,776835
 Comedy,776835
Animation,50393
 Family,50393
 TV Movie,50393
 Comedy,50393
 Fantasy,50393
Animation,13459
 Family,13459
Animation,13378
 Family,13378
Animation,13062
 Family,13062
 Music,13062
Animation,638507
 Fantasy,638507
 Adventure,638507
 Family,638507
Animation,53215
 Adventure,53215
 Comedy,53215
Animation,438695
 Music,438695
 Comedy,438695
 Family,438695
Animation,486589
 Fantasy,486589
 Family,486589
 Comedy,486589
 Romance,486589
 Adventure,486589
Animation,98622
 Science Fiction,98622
Animation,592867
 Adventure,592867
 Comedy,592867
 Fantasy,592867
 Action,592867
 Family,592867
Family,44874
 Animation,44874
Animation,34134
 Family,34134
 Fantasy,34134
Animation,15167
 Family,15167
Animation,9928
 Comedy,9928
 Family,9928
 Science Fiction,9928
Action,12244
 Adventure,12244
 Animation,12244
 Science Fiction,12244
 Thriller,12244
Family,270946
 Animation,270946
 Adventure,270946
 Comedy,270946
Animation,364689
 Family,364689
 Adventure,364689
 Comedy,364689
Adventure,10527
 Animation,10527
 Comedy,10527
 Family,10527
Animation,260514
 Drama,260514
 Family,260514
Adventure,105864
 Animation,105864
 Family,105864
Animation,1406657
 Action,1406657
 Drama,1406657
 Science Fiction,1406657
Animation,1107216
 Comedy,1107216
 Adventure,1107216
 Thriller,1107216
Animation,1040148
 Family,1040148
 Fantasy,1040148
 Comedy,1040148
Family,940551
 Comedy,940551
 Adventure,940551
 Animation,940551
Family,770254
 Animation,770254
 Adventure,770254
 Comedy,770254
Animation,732670
 Family,732670
 Science Fiction,732670
 Adventure,732670
 Comedy,732670
Animation,13284
 Family,13284
Adventure,953
 Animation,953
 Comedy,953
 Family,953
Animation,381693
 Family,381693
 Comedy,381693
Animation,48466
 Comedy,48466
 Family,48466
Family,502356
 Comedy,502356
 Adventure,502356
 Fantasy,502356
 Animation,502356
Animation,560050
 Adventure,560050
 Family,560050
 Fantasy,560050
Adventure,504997
 Animation,504997
 Comedy,504997
 Family,504997
 Science Fiction,504997
Animation,332718
 Action,332718
 Adventure,332718
 History,332718
Animation,57737
 Family,57737
 Fantasy,57737
Animation,10800
 Family,10800
Adventure,332210
 Animation,332210
 Comedy,332210
 Family,332210
Family,328111
 Comedy,328111
 Adventure,328111
 Animation,328111
Animation,574089
 Family,574089
 Drama,574089
Animation,1297763
 Action,1297763
 Science Fiction,1297763
Animation,1241982
 Adventure,1241982
 Family,1241982
 Comedy,1241982
 Fantasy,1241982
Action,1083862
 Animation,1083862
 Science Fiction,1083862
 Horror,1083862
Animation,877269
 Family,877269
 Adventure,877269
 Fantasy,877269
 Science Fiction,877269
Animation,779047
 Drama,779047
 Family,779047
 Romance,779047
Animation,728754
 Adventure,728754
 Comedy,728754
 Science Fiction,728754
 Drama,728754
 Family,728754
 Fantasy,728754
Animation,345637
 Family,345637
 Fantasy,345637
 Action,345637
Family,433471
 Fantasy,433471
 Animation,433471
 Comedy,433471
Animation,406785
 Family,406785
 Comedy,406785
Animation,161143
 Comedy,161143
 Family,161143
Animation,57718
 Action,57718
 Comedy,57718
 Family,57718
 Science Fiction,57718
Family,136799
 Animation,136799
 Fantasy,136799
 Adventure,136799
 Comedy,136799
 Music,136799
Action,409421
 Drama,409421
 Science Fiction,409421
 Animation,409421
Comedy,315064
 Animation,315064
 Adventure,315064
 Family,315064
Animation,18198
 Fantasy,18198
 Family,18198
Animation,153158
 Adventure,153158
 Romance,153158
Animation,25472
 Family,25472
Family,12589
 Comedy,12589
 Adventure,12589
 Animation,12589
 Science Fiction,12589
Animation,269650
 Science Fiction,269650
 Action,269650
Animation,192577
 Science Fiction,192577
Animation,109451
 Family,109451
 Comedy,109451
Animation,950
 Family,950
 Comedy,950
 Adventure,950
Animation,8355
 Comedy,8355
 Family,8355
 Adventure,8355
Animation,574091
 Family,574091
 Fantasy,574091
 Drama,574091
 Adventure,574091
Animation,1049082
 Comedy,1049082
 Drama,1049082
 Family,1049082
 Fantasy,1049082
Animation,795607
 Fantasy,795607
 Action,795607
 Adventure,795607
Animation,76492
 Comedy,76492
 Family,76492
 Fantasy,76492
Animation,13648
 Horror,13648
 Action,13648
 Science Fiction,13648
Family,70608
 Animation,70608
 Science Fiction,70608
Adventure,13394
 Animation,13394
 Comedy,13394
 Fantasy,13394
 Family,13394
Action,519182
 Animation,519182
 Comedy,519182
 Family,519182
 Science Fiction,519182
Animation,13934
 Comedy,13934
 Family,13934
 Horror,13934
Family,412117
 Comedy,412117
 Adventure,412117
 Animation,412117
Animation,24480
 Family,24480
 Comedy,24480
 Fantasy,24480
Animation,196254
 Family,196254
 Fantasy,196254
Family,446894
 Comedy,446894
 Adventure,446894
 Animation,446894
 Fantasy,446894
Animation,1214130
 Adventure,1214130
 Family,1214130
 Comedy,1214130
Comedy,1045644
 Family,1045644
 Animation,1045644
Animation,1029119
 Adventure,1029119
 Comedy,1029119
 Family,1029119
Action,1011985
 Adventure,1011985
 Animation,1011985
 Comedy,1011985
 Family,1011985
 Fantasy,1011985
Animation,857702
 Family,857702
 Science Fiction,857702
 Comedy,857702
Animation,54553
 Family,54553
 Comedy,54553
Animation,24589
 Comedy,24589
 Family,24589
Family,446893
 Animation,446893
 Comedy,446893
 Fantasy,446893
 Adventure,446893
 Music,446893
Animation,597398
 Drama,597398
 Adventure,597398
 Fantasy,597398
Family,527729
 Animation,527729
 Comedy,527729
 Adventure,527729
Animation,360920
 Comedy,360920
 Family,360920
 Fantasy,360920
Family,21705
 Animation,21705
Animation,485942
 Action,485942
 Science Fiction,485942
Animation,41216
 Adventure,41216
 Family,41216
 Fantasy,41216
Animation,15512
 Family,15512
 Adventure,15512
 Science Fiction,15512
Animation,77950
 Family,77950
Family,1226863
 Comedy,1226863
 Adventure,1226863
 Fantasy,1226863
 Animation,1226863
Animation,676710
 Adventure,676710
 Comedy,676710
 Family,676710
 Fantasy,676710
Animation,27357
 Comedy,27357
 War,27357
 Drama,27357
Documentary,48329
 Animation,48329
 Drama,48329
 Fantasy,48329
Animation,54559
 Family,54559
 Comedy,54559
Animation,13927
 Family,13927
Family,130925
 Animation,130925
 Comedy,130925
Family,136406
 Animation,136406
 Science Fiction,136406
Animation,523536
 Comedy,523536
 Adventure,523536
 Fantasy,523536
Animation,13061
 Family,13061
 Comedy,13061
 Documentary,13061
Adventure,15173
 Animation,15173
 Comedy,15173
 Family,15173
 Music,15173
Animation,13391
 Science Fiction,13391
Action,33427
 Adventure,33427
 Animation,33427
 Family,33427
Family,202575
 Fantasy,202575
 Animation,202575
 Adventure,202575
Adventure,2310
 Action,2310
 Animation,2310
Animation,116711
 Adventure,116711
 Family,116711
 Fantasy,116711
Animation,73723
 Family,73723
Family,211672
 Animation,211672
 Adventure,211672
 Comedy,211672
Animation,532952
 Science Fiction,532952
Animation,876716
 Comedy,876716
 Family,876716
 Fantasy,876716
Animation,667717
 Adventure,667717
 Drama,667717
 Fantasy,667717
 Mystery,667717
Animation,55692
 Family,55692
 Comedy,55692
Science Fiction,15990
 Animation,15990
Animation,58515
 Drama,58515
 Science Fiction,58515
Animation,98857
 Comedy,98857
 Adventure,98857
Animation,355338
 Family,355338
Animation,665251
 Science Fiction,665251
Fantasy,228161
 Comedy,228161
 Animation,228161
 Science Fiction,228161
 Family,228161
Animation,16962
 Family,16962
 Fantasy,16962
 Romance,16962
Animation,227200
 Family,227200
Animation,79433
 Adventure,79433
 Fantasy,79433
Animation,285733
 Family,285733
Animation,449574
 Action,449574
 Science Fiction,449574
Family,413644
 Animation,413644
 Comedy,413644
Action,400136
 Animation,400136
 Adventure,400136
 Science Fiction,400136
 Horror,400136
Animation,16577
 Action,16577
 Family,16577
 Science Fiction,16577
Animation,390734
 Science Fiction,390734
 Action,390734
Comedy,10192
 Adventure,10192
 Fantasy,10192
 Animation,10192
 Family,10192
Animation,49013
 Family,49013
 Adventure,49013
 Comedy,49013
Animation,45745
 Fantasy,45745
Animation,635389
 Action,635389
 Fantasy,635389
 Adventure,635389
Animation,598387
 Family,598387
 Fantasy,598387
Animation,289280
 Comedy,289280
Animation,459003
 Adventure,459003
 Family,459003
 Fantasy,459003
Animation,13926
 Family,13926
Animation,421456
 Adventure,421456
Animation,13379
 Family,13379
 Comedy,13379
 TV Movie,13379
Family,255718
 Animation,255718
Animation,11633
 Action,11633
 Science Fiction,11633
Animation,342473
 Adventure,342473
 Comedy,342473
 Family,342473
Adventure,223702
 Animation,223702
 Comedy,223702
 Fantasy,223702
Animation,574093
 Drama,574093
 Family,574093
 Fantasy,574093
Animation,832502
 Fantasy,832502
 Adventure,832502
 Family,832502
 Comedy,832502
Family,549484
 Animation,549484
 Adventure,549484
 Fantasy,549484
Animation,637693
 Adventure,637693
 Family,637693
 Western,637693
Adventure,10199
 Animation,10199
 Family,10199
Adventure,2114
 Action,2114
 Fantasy,2114
 Science Fiction,2114
 Animation,2114
Action,16873
 Adventure,16873
 Animation,16873
 Science Fiction,16873
Animation,10982
 Comedy,10982
 Family,10982
 Crime,10982
 Mystery,10982
Animation,229408
 Comedy,229408
 Family,229408
Animation,546728
 Comedy,546728
 Family,546728
 Science Fiction,546728
Animation,528644
 Comedy,528644
 Family,528644
 Adventure,528644
Animation,460793
 Family,460793
 Adventure,460793
 Comedy,460793
 Fantasy,460793
Family,129533
 Animation,129533
Family,9904
 Animation,9904
 Adventure,9904
 Action,9904
 Comedy,9904
Animation,400155
 Comedy,400155
 Family,400155
 Fantasy,400155
Animation,159824
 Comedy,159824
 Family,159824
 Fantasy,159824
Animation,1371727
 Family,1371727
 Comedy,1371727
 Music,1371727
 Thriller,1371727
Animation,1123093
 Comedy,1123093
 Family,1123093
Animation,31160
 Fantasy,31160
 Horror,31160
 Mystery,31160
Fantasy,810
 Adventure,810
 Animation,810
 Comedy,810
 Family,810
Animation,7484
 Family,7484
 Adventure,7484
 Comedy,7484
Action,79516
 Animation,79516
 Science Fiction,79516
Animation,366672
 Adventure,366672
 Comedy,366672
 Family,366672
Animation,585083
 Comedy,585083
 Family,585083
 Adventure,585083
 Fantasy,585083
Animation,168903
 Family,168903
Animation,114478
 Action,114478
 Science Fiction,114478
Animation,121734
 Comedy,121734
 Adventure,121734
 Family,121734
Animation,355547
 Comedy,355547
 Adventure,355547
 Family,355547
 Fantasy,355547
Animation,45772
 Family,45772
Animation,172385
 Adventure,172385
 Comedy,172385
 Family,172385
Animation,144616
 Family,144616
Animation,1154304
 Adventure,1154304
 Comedy,1154304
 Family,1154304
Animation,1076364
 Family,1076364
 Comedy,1076364
 Romance,1076364
Animation,1022796
 Family,1022796
 Fantasy,1022796
 Adventure,1022796
Animation,818350
 Romance,818350
 Science Fiction,818350
 Family,818350
Animation,816904
 Adventure,816904
 Fantasy,816904
 Family,816904
Animation,797394
 Comedy,797394
 Fantasy,797394
Animation,739547
 Fantasy,739547
 Family,739547
Animation,585511
 Adventure,585511
 Comedy,585511
 Fantasy,585511
 Family,585511
Family,5559
 Animation,5559
 Adventure,5559
 Comedy,5559
Animation,594530
 Comedy,594530
 Family,594530
Family,481084
 Animation,481084
 Comedy,481084
 Fantasy,481084
Animation,295693
 Comedy,295693
 Family,295693
Animation,352812
Family,258152
 Comedy,258152
 Animation,258152
 Fantasy,258152
Comedy,227738
 Animation,227738
 Adventure,227738
Animation,16418
 Family,16418
Animation,91342
 Family,91342
Action,287590
 Animation,287590
 Fantasy,287590
Animation,333667
 Adventure,333667
 Comedy,333667
 Family,333667
 Music,333667
Animation,57800
 Comedy,57800
 Adventure,57800
 Family,57800
Action,324852
 Animation,324852
 Comedy,324852
 Family,324852
 Adventure,324852
Animation,1064307
 Adventure,1064307
 Fantasy,1064307
 Comedy,1064307
Animation,567811
 Comedy,567811
 Family,567811
 Fantasy,567811
Animation,639721
 Family,639721
 Comedy,639721
 Fantasy,639721
 Adventure,639721
Animation,229405
 Family,229405
 Comedy,229405
 Science Fiction,229405
Animation,598331
 Family,598331
Animation,459151
 Comedy,459151
 Adventure,459151
 Family,459151
TV Movie,53985
 Animation,53985
 Family,53985
 Comedy,53985
 Science Fiction,53985
Animation,571891
 Adventure,571891
 Fantasy,571891
 Action,571891
 Family,571891
Animation,25741
 Family,25741
 Adventure,25741
 Drama,25741
 Fantasy,25741
Action,322456
 Adventure,322456
 Animation,322456
 Family,322456
 Comedy,322456
Animation,49953
 Family,49953
Fantasy,9906
 Adventure,9906
 Animation,9906
 Comedy,9906
 Family,9906
Animation,218836
 Comedy,218836
 Adventure,218836
 Family,218836
Animation,980804
 Family,980804
 Science Fiction,980804
 Comedy,980804
Animation,813258
 Comedy,813258
 Fantasy,813258
Family,811367
 Comedy,811367
 Fantasy,811367
 Animation,811367
Animation,778819
 Comedy,778819
 Action,778819
 Family,778819
Animation,774741
 Comedy,774741
 Family,774741
Animation,476719
 Comedy,476719
 Horror,476719
Animation,609271
 Comedy,609271
 Family,609271
 Romance,609271
Animation,79082
 Adventure,79082
Animation,366142
 Family,366142
Animation,492719
 Science Fiction,492719
Comedy,355066
 Animation,355066
 Action,355066
Animation,164372
 Fantasy,164372
 Family,164372
Animation,460790
 Action,460790
 Science Fiction,460790
Adventure,1273
 Animation,1273
 Comedy,1273
 Family,1273
Animation,1001865
 Family,1001865
 Fantasy,1001865
Family,459159
 Fantasy,459159
 Animation,459159
 Comedy,459159
Animation,592983
 Fantasy,592983
 Family,592983
 Adventure,592983
 Comedy,592983
Family,286558
 Adventure,286558
 Animation,286558
 Comedy,286558
Family,13924
 Animation,13924
 Comedy,13924
Animation,520946
 Family,520946
 Fantasy,520946
 Adventure,520946
Animation,536115
 Science Fiction,536115
 Action,536115
 Adventure,536115
Action,382512
 Adventure,382512
 Animation,382512
 Comedy,382512
 Family,382512
Animation,375107
 Family,375107
 Adventure,375107
 Comedy,375107
Family,137116
 Comedy,137116
 Adventure,137116
 Animation,137116
Animation,264419
 Adventure,264419
 Comedy,264419
 Family,264419
Fantasy,292014
 Family,292014
 Animation,292014
 Adventure,292014
Animation,396330
 Family,396330
 Adventure,396330
 Action,396330
 Comedy,396330
Animation,9982
 Family,9982
 Comedy,9982
Animation,778810
 Adventure,778810
 Family,778810
 Comedy,778810
Family,748783
 Comedy,748783
 Adventure,748783
 Animation,748783
Animation,26840
 Comedy,26840
 Music,26840
 Family,26840
 Romance,26840
Animation,553903
 Comedy,553903
 Family,553903
 Crime,553903
Animation,385103
 Comedy,385103
 Family,385103
 Mystery,385103
Animation,570480
 Adventure,570480
 Family,570480
 Comedy,570480
 Music,570480
Animation,466876
 Family,466876
 Adventure,466876
 Comedy,466876
 Fantasy,466876
Comedy,403052
 Animation,403052
 Family,403052
Fantasy,79379
 Animation,79379
 Action,79379
 Comedy,79379
 Family,79379
Animation,304023
 Science Fiction,304023
 Action,304023
 Adventure,304023
Adventure,13690
 Animation,13690
 Comedy,13690
 Family,13690
Animation,10555
 Action,10555
 Comedy,10555
 Family,10555
Animation,153518
 Adventure,153518
 Comedy,153518
 Family,153518
Animation,394759
 Fantasy,394759
 Romance,394759
 Comedy,394759
 Family,394759
Animation,1089654
 History,1089654
Family,1084153
 Comedy,1084153
 Adventure,1084153
 Animation,1084153
Action,1047091
 Science Fiction,1047091
 Animation,1047091
Animation,927254
 Comedy,927254
 Family,927254
 Fantasy,927254
Animation,88096
 Comedy,88096
 Family,88096
Adventure,15213
 Animation,15213
 Comedy,15213
 Family,15213
Music,58508
 Comedy,58508
 Animation,58508
 Family,58508
 Fantasy,58508
Animation,79218
 Family,79218
 TV Movie,79218
Comedy,400157
 Animation,400157
 Adventure,400157
 Family,400157
 Fantasy,400157
Animation,366656
 Family,366656
 Comedy,366656
Animation,452773
 Adventure,452773
 Comedy,452773
 Family,452773
Family,261103
 Animation,261103
Animation,9907
 Comedy,9907
 Family,9907
Animation,897192
 Comedy,897192
 Family,897192
Animation,839803
 Comedy,839803
 Action,839803
 Drama,839803
Animation,655437
 Drama,655437
 Fantasy,655437
 Adventure,655437
Animation,14248
 Comedy,14248
 Family,14248
 Fantasy,14248
 Horror,14248
Animation,10797
 Comedy,10797
 Mystery,10797
 Thriller,10797
Animation,27042
 Science Fiction,27042
 Comedy,27042
Animation,454458
 Music,454458
 Family,454458
 Comedy,454458
Adventure,15511
 Animation,15511
 Comedy,15511
 Family,15511
 Fantasy,15511
Fantasy,50337
 Animation,50337
 Action,50337
 Thriller,50337
 Family,50337
Animation,353595
 Action,353595
 Adventure,353595
 Family,353595
 Comedy,353595
Comedy,133931
 Animation,133931
 Adventure,133931
 Family,133931
Animation,392536
 Family,392536
 Comedy,392536
 Mystery,392536
Animation,68179
 Comedy,68179
 Adventure,68179
 Family,68179
 Science Fiction,68179
Animation,1329336
 Comedy,1329336
Animation,1046032
 Comedy,1046032
 Family,1046032
 Action,1046032
Animation,387893
 Comedy,387893
 Family,387893
 TV Movie,387893
Animation,683127
 Fantasy,683127
 Family,683127
Action,300424
 Adventure,300424
 Animation,300424
 Family,300424
 Comedy,300424
 TV Movie,300424
Family,509730
 Animation,509730
 Comedy,509730
Animation,16455
 Family,16455
 Comedy,16455
 Fantasy,16455
Animation,432383
 Family,432383
Music,302429
 Animation,302429
 Family,302429
 Fantasy,302429
Animation,16866
 Family,16866
 Comedy,16866
 Science Fiction,16866
 Adventure,16866
Animation,676701
 Adventure,676701
 Family,676701
 Comedy,676701
 Fantasy,676701
Animation,21044
 Comedy,21044
 TV Movie,21044
Animation,664236
 Comedy,664236
 Family,664236
 Adventure,664236
Animation,10378
 Comedy,10378
 Family,10378
Animation,48567
 Family,48567
 Comedy,48567
 TV Movie,48567
Animation,52010
 Science Fiction,52010
Action,377897
 Animation,377897
 Family,377897
Adventure,50321
 Animation,50321
 Family,50321
Animation,151960
 Family,151960
 Adventure,151960
 Comedy,151960
Animation,1359227
 Comedy,1359227
 Science Fiction,1359227
Animation,1154598
 Action,1154598
 Family,1154598
Science Fiction,306963
 Animation,306963
Animation,624995
Science Fiction,367326
 Comedy,367326
 Animation,367326
 Family,367326
 Adventure,367326
Animation,129067
Animation,180272
 Comedy,180272
 Family,180272
Animation,146381
 Adventure,146381
Animation,12180
 Action,12180
 Science Fiction,12180
 Adventure,12180
Documentary,949000
 Animation,949000
 History,949000
Adventure,51170
 Animation,51170
 Family,51170
 Comedy,51170
Animation,370567
 Family,370567
 Fantasy,370567
 Comedy,370567
 Adventure,370567
 Mystery,370567
Animation,354279
 Adventure,354279
 Comedy,354279
 Family,354279
 Fantasy,354279
 Music,354279
 Romance,354279
Science Fiction,265805
 Animation,265805
Animation,77499
 Family,77499
Animation,355111
 Music,355111
 Family,355111
Family,14175
 Animation,14175
 Adventure,14175
 Comedy,14175
 War,14175
Animation,175574
 Comedy,175574
 Family,175574
Animation,368940
 Adventure,368940
 Family,368940
Action,234004
 Adventure,234004
 Animation,234004
 Family,234004
Adventure,278154
 Animation,278154
 Family,278154
 Comedy,278154
 Science Fiction,278154
Animation,823610
 Family,823610
Animation,753601
 Family,753601
 Comedy,753601
Animation,48610
 Drama,48610
 Fantasy,48610
 Comedy,48610
Animation,11802
 Family,11802
 Adventure,11802
 Comedy,11802
 Science Fiction,11802
Animation,335777
 Family,335777
 Adventure,335777
 Comedy,335777
Animation,639999
 Action,639999
 Adventure,639999
 Family,639999
 Science Fiction,639999
Animation,141423
 Family,141423
 Fantasy,141423
 Drama,141423
Action,18224
 Animation,18224
 Fantasy,18224
 Science Fiction,18224
Animation,349112
 Family,349112
Family,361380
 Animation,361380
 Adventure,361380
Animation,50135
 Family,50135
 Comedy,50135
Animation,411221
 Family,411221
Animation,227783
 Comedy,227783
 Family,227783
 Adventure,227783
Animation,1088561
 Action,1088561
 Fantasy,1088561
 Comedy,1088561
 Family,1088561
Animation,756397
 Comedy,756397
 Adventure,756397
 Family,756397
Animation,118249
 Music,118249
 Horror,118249
 Comedy,118249
Animation,449621
 Comedy,449621
 Family,449621
Animation,12819
 Family,12819
 Comedy,12819
 Adventure,12819
 Romance,12819
Animation,265447
 Family,265447
 Documentary,265447
Animation,579524
 Comedy,579524
 Family,579524
 Adventure,579524
Fantasy,271924
 Animation,271924
Animation,411840
 Family,411840
 Comedy,411840
Animation,434757
 Family,434757
 Science Fiction,434757
Comedy,981424
 Animation,981424
 Action,981424
 Crime,981424
 Family,981424
Family,831815
 Comedy,831815
 Adventure,831815
 Animation,831815
Animation,366141
 Family,366141
Animation,616473
 Family,616473
 Action,616473
 Adventure,616473
 Comedy,616473
 Science Fiction,616473
Family,13517
 Animation,13517
 Comedy,13517
Animation,357390
 Action,357390
 Thriller,357390
Animation,476631
 Adventure,476631
 Family,476631
 Fantasy,476631
Animation,30178
 Comedy,30178
 Family,30178
Animation,217057
Animation,59981
 Family,59981
 Fantasy,59981
Animation,316322
 Family,316322
Animation,1249728
 Fantasy,1249728
 Family,1249728
Animation,1008102
 Family,1008102
 Comedy,1008102
Animation,989937
 Fantasy,989937
 Adventure,989937
 Action,989937
Fantasy,51256
 Animation,51256
 Comedy,51256
 Family,51256
Animation,14453
 Comedy,14453
Adventure,113594
 Animation,113594
 Family,113594
Animation,454699
 Family,454699
 Fantasy,454699
 Comedy,454699
Animation,1316147
 Adventure,1316147
 Comedy,1316147
Animation,40707
 Adventure,40707
 Comedy,40707
 TV Movie,40707
 Science Fiction,40707
 Fantasy,40707
 Action,40707
Animation,40706
 Comedy,40706
 Family,40706
 Fantasy,40706
 TV Movie,40706
 Science Fiction,40706
 Action,40706
Family,366143
 Animation,366143
Animation,24884
 Adventure,24884
 Action,24884
 Comedy,24884
Animation,416153
 Adventure,416153
 Comedy,416153
Animation,370086
 Comedy,370086
 Family,370086
 Mystery,370086
Animation,257951
 Adventure,257951
 Fantasy,257951
Family,16460
 Comedy,16460
 Adventure,16460
 Animation,16460
Animation,227425
 Adventure,227425
 Comedy,227425
Animation,1550797
 Comedy,1550797
 Fantasy,1550797
 Family,1550797
Animation,1192209
 Music,1192209
 Comedy,1192209
 Fantasy,1192209
 Family,1192209
Animation,1189423
 Family,1189423
Animation,1154478
 Action,1154478
 Comedy,1154478
Animation,1059572
 Comedy,1059572
 Action,1059572
 Adventure,1059572
 Family,1059572
 Fantasy,1059572
 Science Fiction,1059572
Animation,1045944
 Family,1045944
 Adventure,1045944
Adventure,57982
 Animation,57982
 Comedy,57982
 Family,57982
 Fantasy,57982
 Horror,57982
Animation,914533
 Drama,914533
 Thriller,914533
Animation,851281
 Adventure,851281
 Action,851281
 Fantasy,851281
Animation,774825
 Comedy,774825
 Family,774825
 Adventure,774825
Animation,20653
 Family,20653
 Adventure,20653
 Comedy,20653
Animation,561147
 Fantasy,561147
 Horror,561147
Animation,74658
 Family,74658
Animation,205048
 Comedy,205048
 Family,205048
Family,417047
 Animation,417047
Animation,1392796
 Family,1392796
 Comedy,1392796
Animation,1027159
 Action,1027159
 Adventure,1027159
 Comedy,1027159
 Crime,1027159
Animation,62368
 War,62368
Animation,269509
 Comedy,269509
 Family,269509
 Fantasy,269509
Science Fiction,159370
 Animation,159370
Action,378102
 Animation,378102
 Adventure,378102
 Comedy,378102
 Family,378102
 Science Fiction,378102
Animation,415749
 Family,415749
 Science Fiction,415749
Family,19508
 Comedy,19508
 Adventure,19508
 Animation,19508
Family,339669
 Animation,339669
 Adventure,339669
Comedy,429005
 Animation,429005
 Adventure,429005
 Family,429005
Animation,939338
 Adventure,939338
 Fantasy,939338
 Family,939338
 Comedy,939338
Family,421725
 Science Fiction,421725
 Comedy,421725
 Animation,421725
Action,40708
 Adventure,40708
 Comedy,40708
 TV Movie,40708
 Science Fiction,40708
 Fantasy,40708
 Animation,40708
Adventure,5393
 Animation,5393
 Comedy,5393
 Family,5393
 Fantasy,5393
Animation,76789
Animation,39544
 Adventure,39544
Animation,19595
 Family,19595
Animation,1146058
 Family,1146058
 Adventure,1146058
 Comedy,1146058
Animation,987750
 Family,987750
 Comedy,987750
 Mystery,987750
Animation,974663
 Adventure,974663
 Fantasy,974663
 Family,974663
 Action,974663
 Comedy,974663
Animation,70665
 Science Fiction,70665
Animation,11572
 Adventure,11572
Animation,638134
 Family,638134
 Adventure,638134
 Comedy,638134
Family,462650
 Fantasy,462650
 Animation,462650
 Comedy,462650
 Adventure,462650
Animation,553833
 Drama,553833
 Romance,553833
 Science Fiction,553833
 Fantasy,553833
 Action,553833
Action,256968
 Adventure,256968
 Animation,256968
Animation,211247
 Drama,211247
 Thriller,211247
Adventure,448779
 Comedy,448779
 Family,448779
 Animation,448779
Comedy,57089
 Animation,57089
 Family,57089
Animation,763861
 Action,763861
 Comedy,763861
Animation,1357359
 Action,1357359
 Adventure,1357359
 Comedy,1357359
 Family,1357359
 Mystery,1357359
 Science Fiction,1357359
 Thriller,1357359
Animation,1207417
 Family,1207417
 Comedy,1207417
 Science Fiction,1207417
Animation,1153222
Animation,823609
 Family,823609
 Comedy,823609
Animation,812456
 Family,812456
Animation,16604
 Comedy,16604
Romance,419981
 Animation,419981
 Comedy,419981
 Family,419981
 Fantasy,419981
Adventure,13956
 Animation,13956
 Family,13956
Animation,435506
 Adventure,435506
 Family,435506
 Drama,435506
Animation,515789
 Comedy,515789
 Family,515789
Animation,413927
Animation,85315
 Family,85315
 Comedy,85315
Fantasy,139649
 Animation,139649
 Family,139649
 Adventure,139649
Animation,141614
 Family,141614
 Adventure,141614
 Comedy,141614
Fantasy,408355
 Animation,408355
 Family,408355
Adventure,256766
 Action,256766
 Animation,256766
 Fantasy,256766
Animation,965244
 Action,965244
 Science Fiction,965244
Animation,839100
 Action,839100
 Fantasy,839100
Animation,678287
 Family,678287
 Comedy,678287
 Adventure,678287
Documentary,18606
 Science Fiction,18606
 Animation,18606
Animation,738215
 Music,738215
 Family,738215
Animation,118248
 Comedy,118248
 Family,118248
Animation,5833
 Family,5833
 Fantasy,5833
Animation,430474
 Family,430474
 Adventure,430474
Action,1064835
 Adventure,1064835
 Fantasy,1064835
 Animation,1064835
Animation,1059264
 Adventure,1059264
 Comedy,1059264
 Family,1059264
Animation,850818
 Music,850818
 Family,850818
Animation,444341
 Comedy,444341
Animation,562416
 Drama,562416
Comedy,499088
 Family,499088
 Animation,499088
 Adventure,499088
Animation,224990
 Family,224990
Animation,10927
 Fantasy,10927
 Science Fiction,10927
Family,15898
 Animation,15898
 Comedy,15898
Animation,16652
 Comedy,16652
 Adventure,16652
Animation,442018
 Horror,442018
 Comedy,442018
Animation,303457
 History,303457
 Action,303457
 Adventure,303457
 Family,303457
Animation,133248
 Drama,133248
 Thriller,133248
 Horror,133248
Comedy,85693
 Family,85693
 Animation,85693
Animation,1207123
 Romance,1207123
 Comedy,1207123
 Fantasy,1207123
Animation,878357
 Family,878357
 Fantasy,878357
 Comedy,878357
Animation,21865
 Comedy,21865
 Family,21865
Animation,48740
 Comedy,48740
Animation,82530
 Comedy,82530
 Horror,82530
Animation,483396
 Family,483396
 Comedy,483396
Family,265923
 Animation,265923
Animation,29192
 Family,29192
 Adventure,29192
 Comedy,29192
Adventure,450314
 Animation,450314
 Comedy,450314
Adventure,280391
 Comedy,280391
 Animation,280391
Animation,273307
 Family,273307
 Action,273307
 Drama,273307
 Fantasy,273307
 Adventure,273307
Animation,607386
 Adventure,607386
 Family,607386
 Science Fiction,607386
Animation,415838
 Fantasy,415838
 Family,415838
Adventure,276905
 Animation,276905
 Comedy,276905
 Family,276905
Animation,1239251
 Comedy,1239251
 Science Fiction,1239251
Animation,1093349
 Family,1093349
Comedy,597845
 Adventure,597845
 Animation,597845
 Fantasy,597845
 Family,597845
Adventure,681260
 Animation,681260
 Family,681260
Animation,71430
 Comedy,71430
 Family,71430
Family,26728
 Comedy,26728
 Adventure,26728
 Animation,26728
Animation,706712
 Drama,706712
 Horror,706712
Animation,378236
 Family,378236
 Comedy,378236
Animation,506752
 Family,506752
 Comedy,506752
Animation,497536
 Action,497536
 Adventure,497536
 Fantasy,497536
Family,273318
 Animation,273318
Animation,31170
 Comedy,31170
 Family,31170
 Fantasy,31170
 TV Movie,31170
Animation,539745
 Comedy,539745
 Family,539745
 Drama,539745
Animation,374191
 Action,374191
 Thriller,374191
Animation,51485
 Comedy,51485
 Family,51485
Adventure,20542
 Fantasy,20542
 Animation,20542
 Science Fiction,20542
 Family,20542
Animation,1389038
 Adventure,1389038
 Comedy,1389038
 Family,1389038
Animation,169314
 Fantasy,169314
 Horror,169314
Animation,1062372
 Comedy,1062372
 Fantasy,1062372
Animation,1012801
 Family,1012801
Adventure,256346
 Animation,256346
 Science Fiction,256346
 Family,256346
Animation,275136
 Family,275136
 Music,275136
Comedy,85358
 Animation,85358
 Science Fiction,85358
Adventure,273127
 Family,273127
 Animation,273127
 Comedy,273127
 Music,273127
Animation,346853
 Comedy,346853
Animation,670497
 Family,670497
 Adventure,670497
Animation,533715
 Comedy,533715
 Adventure,533715
 Family,533715
Animation,23056
 Family,23056
 Fantasy,23056
 Science Fiction,23056
Family,93399
 Animation,93399
 Adventure,93399
Animation,369552
 Fantasy,369552
 Drama,369552
 Science Fiction,369552
Animation,1037858
 Comedy,1037858
 Family,1037858
Animation,676685
 Adventure,676685
 Comedy,676685
 Family,676685
Animation,923579
 Comedy,923579
 Family,923579
 Fantasy,923579
Animation,268893
 Family,268893
Fantasy,211358
 Animation,211358
Animation,287095
 Family,287095
Action,47227
 Animation,47227
Animation,128253
 Action,128253
 Science Fiction,128253
Animation,26497
 Family,26497
 Fantasy,26497
Animation,54408
 Family,54408
Comedy,24432
 Family,24432
 Animation,24432
 Adventure,24432
 Fantasy,24432
Animation,1515395
 Comedy,1515395
 Fantasy,1515395
 Adventure,1515395
 Family,1515395
Animation,67792
 Family,67792
 Adventure,67792
Animation,725986
 Romance,725986
 Science Fiction,725986
Action,593240
 Animation,593240
 Science Fiction,593240
Animation,273296
 Family,273296
Animation,13017
 Family,13017
 Comedy,13017
Action,394322
 Animation,394322
 Science Fiction,394322
Fantasy,337302
 Animation,337302
 Action,337302
Animation,1517206
 Drama,1517206
Animation,1497970
 Comedy,1497970
 Family,1497970
 Fantasy,1497970
 Adventure,1497970
Animation,1224422
 Thriller,1224422
Horror,1102104
 Animation,1102104
Animation,831728
Animation,811634
 Action,811634
 Fantasy,811634
 Family,811634
Family,287018
 TV Movie,287018
 Animation,287018
 Action,287018
 Comedy,287018
 Science Fiction,287018
 Adventure,287018
Animation,690959
 Action,690959
Comedy,284682
 Animation,284682
Animation,371914
 Horror,371914
 Science Fiction,371914
Animation,345942
 Comedy,345942
 Adventure,345942
Animation,113736
 Comedy,113736
Animation,377883
 Family,377883
Family,261409
 Animation,261409
Animation,128475
 Adventure,128475
Animation,292821
 Family,292821
Comedy,293644
 Animation,293644
 Family,293644
Animation,1276521
 Action,1276521
 Adventure,1276521
 Comedy,1276521
 Family,1276521
Animation,1235451
 Drama,1235451
 Music,1235451
Animation,1134424
 Action,1134424
 Adventure,1134424
 Fantasy,1134424
 Science Fiction,1134424
Animation,471423
 Family,471423
Animation,273302
 Family,273302
Animation,1071101
 Fantasy,1071101
Comedy,1034470
 Family,1034470
 Animation,1034470
Family,314580
 Animation,314580
 Music,314580
Action,427593
 Animation,427593
 Science Fiction,427593
Animation,749618
 Family,749618
 Fantasy,749618
Animation,745115
 Music,745115
 Comedy,745115
Animation,580312
 Family,580312
Action,365930
 Animation,365930
 Science Fiction,365930
Family,534789
 Animation,534789
 Adventure,534789
Animation,470370
 Family,470370
 Music,470370
Family,59777
 Animation,59777
Family,141102
 Animation,141102
 Fantasy,141102
Animation,653904
 Family,653904
 Adventure,653904
 TV Movie,653904
Animation,1549292
 Family,1549292
 Fantasy,1549292
Fantasy,367961
 Adventure,367961
 Animation,367961
 Family,367961
Animation,504159
Animation,1005390
 Romance,1005390
 Fantasy,1005390
Animation,984824
 Drama,984824
Animation,931404
 Family,931404
 Science Fiction,931404
 Adventure,931404
 Comedy,931404
Animation,346950
Family,73829
 Animation,73829
Animation,496051
Family,708352
 Animation,708352
 Fantasy,708352
Animation,21188
 Comedy,21188
Animation,51800
 Adventure,51800
 Fantasy,51800
 Comedy,51800
 Family,51800
Animation,429657
 Family,429657
Family,254263
 Animation,254263
 Fantasy,254263
Animation,106631
 Adventure,106631
 Comedy,106631
 Family,106631
 Fantasy,106631
Animation,1274214
 Action,1274214
 Adventure,1274214
 Comedy,1274214
 Family,1274214
 Science Fiction,1274214
Animation,1103432
 Action,1103432
 Science Fiction,1103432
Animation,922495
 Music,922495
Animation,798581
 Music,798581
 Drama,798581
Animation,184313
 Family,184313
 Comedy,184313
 Music,184313
Family,726940
 Animation,726940
 Adventure,726940
Family,37425
 Animation,37425
 Adventure,37425
Animation,246673
 Family,246673
Science Fiction,165181
 Animation,165181
Animation,132156
 Family,132156
Fantasy,200752
 Animation,200752
 Adventure,200752
 Drama,200752
Comedy,348746
 Animation,348746
Animation,1198426
 Family,1198426
Animation,931405
 Adventure,931405
 Comedy,931405
 Action,931405
 Family,931405
Animation,843252
 Music,843252
 Drama,843252
Animation,707459
 Horror,707459
Animation,205432
 Adventure,205432
Animation,169856
 Family,169856
Animation,145619
Animation,52541
 Science Fiction,52541
 Action,52541
Animation,118251
 Family,118251
Animation,76263
 Family,76263
Animation,221029
 Family,221029
Animation,1449951
 Family,1449951
 Fantasy,1449951
Animation,96458
 Comedy,96458
Animation,1104401
 Action,1104401
 Science Fiction,1104401
Animation,1026821
 Fantasy,1026821
 Action,1026821
 Adventure,1026821
Animation,881201
 Comedy,881201
 Romance,881201
 Family,881201
Animation,60823
 Family,60823
 Comedy,60823
Animation,48741
 Comedy,48741
Animation,118254
 Comedy,118254
 Family,118254
Animation,624993
Animation,103977
 Comedy,103977
 Music,103977
Animation,416403
 Science Fiction,416403
 Adventure,416403
Animation,534313
 Family,534313
 Comedy,534313
 Adventure,534313
Family,510096
 Animation,510096
 Adventure,510096
 Comedy,510096
Animation,269052
 Family,269052
 Fantasy,269052
 Comedy,269052
Animation,103194
 Documentary,103194
Animation,22188
 Music,22188
 Family,22188
Animation,79842
 Comedy,79842
 Family,79842
 Adventure,79842
Family,399268
 Animation,399268
 Music,399268
Animation,1425816
 Family,1425816
 Comedy,1425816
Animation,1170657
 Family,1170657
Family,1118203
 Animation,1118203
 Fantasy,1118203
Animation,891761
 Horror,891761
 Comedy,891761
Animation,91523
 Comedy,91523
Animation,146647
Animation,59169
 Music,59169
Animation,650270
 Comedy,650270
Adventure,312998
 Animation,312998
 Family,312998
Animation,273310
 Family,273310
Animation,125448
 Family,125448
Animation,732721
 Family,732721
 Fantasy,732721
Animation,208561
 History,208561
 Documentary,208561
Family,481583
 Animation,481583
 Fantasy,481583
Animation,613199
 Music,613199
Animation,581218
 Family,581218
 Adventure,581218
 Fantasy,581218
Animation,597840
 Fantasy,597840
 Family,597840
Animation,412823
 Adventure,412823
 Family,412823
 Fantasy,412823
Animation,33137
Documentary,62428
 Animation,62428
 Drama,62428
Family,899249
 Animation,899249
 Action,899249
Animation,857756
 Drama,857756
 Adventure,857756
 Science Fiction,857756
Fantasy,471278
 Animation,471278
 Action,471278
 Science Fiction,471278
Animation,381372
 Comedy,381372
 Horror,381372
 Family,381372
 Fantasy,381372
Animation,529811
Animation,109423
 Comedy,109423
 Family,109423
Animation,287097
 Family,287097
Animation,369855
 Comedy,369855
Animation,601131
 Adventure,601131
 Comedy,601131
 Family,601131
Adventure,46256
 Animation,46256
 Comedy,46256
 Family,46256
Animation,1309423
Animation,718100
 Family,718100
 Fantasy,718100
Animation,844158
 Fantasy,844158
 Adventure,844158
Animation,154634
 Family,154634
Animation,705948
 Science Fiction,705948
 Drama,705948
 War,705948
Animation,125445
 Music,125445
Animation,165220
Family,280221
 Animation,280221
 TV Movie,280221
Animation,1136767
 Family,1136767
 Adventure,1136767
 Comedy,1136767
Animation,1054972
 Adventure,1054972
 Comedy,1054972
Animation,178442
Animation,810776
 Action,810776
 Adventure,810776
 Fantasy,810776
 Family,810776
Adventure,459926
 Animation,459926
Horror,432130
 Animation,432130
Fantasy,123187
 Science Fiction,123187
 Family,123187
 Animation,123187
Animation,434444
Animation,27037
 Comedy,27037
 Family,27037
 Fantasy,27037
Family,327677
 Animation,327677
Animation,74147
 Family,74147
Adventure,415031
 Family,415031
 Animation,415031
Animation,1526275
 Adventure,1526275
 Family,1526275
Animation,1497036
 Family,1497036
Animation,1370761
 Fantasy,1370761
Animation,1369617
 Adventure,1369617
 Comedy,1369617
 Family,1369617
 Fantasy,1369617
 Music,1369617
Animation,395885
Animation,121678
 Family,121678
Animation,474386
 Fantasy,474386
 Comedy,474386
Animation,273122
 Family,273122
Animation,401791
 Adventure,401791
 Comedy,401791
Animation,300247
Animation,750578
 Science Fiction,750578
 Comedy,750578
Animation,676575
 Adventure,676575
 Family,676575
 Romance,676575
Animation,22191
 Music,22191
 Family,22191
Animation,541057
 Action,541057
 Adventure,541057
 Drama,541057
 Fantasy,541057
Documentary,93507
 Animation,93507
Adventure,275065
 Family,275065
 Animation,275065
Animation,456661
 Comedy,456661
Animation,223605
 Adventure,223605
 Comedy,223605
Comedy,199700
 Animation,199700
 Adventure,199700
 Family,199700
Animation,413817
 Family,413817
 TV Movie,413817
 Music,413817
Animation,610045
 Comedy,610045
 Family,610045
Animation,681783
 Family,681783
Animation,212088
 Family,212088
 Fantasy,212088
 Music,212088
 Adventure,212088
Animation,46249
 Action,46249
 Science Fiction,46249
Adventure,116977
 Comedy,116977
 Animation,116977
 Family,116977
 Action,116977
Animation,75421
 Family,75421
Family,414223
 Animation,414223
 Comedy,414223
 Adventure,414223
Adventure,1016069
 Action,1016069
 Animation,1016069
 Comedy,1016069
Romance,1155234
 Animation,1155234
 Fantasy,1155234
 Adventure,1155234
Animation,18934
 Adventure,18934
 Comedy,18934
 Family,18934
Adventure,933720
 Animation,933720
Animation,844414
 Adventure,844414
 Fantasy,844414
Animation,837763
 Fantasy,837763
 Science Fiction,837763
Science Fiction,265819
 Animation,265819
Animation,574366
 Comedy,574366
 Horror,574366
Animation,432703
 Drama,432703
Animation,22859
 Family,22859
Family,605829
 Animation,605829
 Fantasy,605829
 Music,605829
Action,630044
 Adventure,630044
 War,630044
 Animation,630044
Family,488397
 Animation,488397
 Adventure,488397
 Comedy,488397
Family,443484
 Animation,443484
 Adventure,443484
 Comedy,443484
 Mystery,443484
Action,173931
 Adventure,173931
 Animation,173931
 Comedy,173931
 Family,173931
Family,387892
 Animation,387892
 Comedy,387892
Animation,1303336
 Fantasy,1303336
Animation,1221210
 Action,1221210
Family,1165223
 Animation,1165223
Horror,455424
 Animation,455424
 Science Fiction,455424
Animation,141263
 Family,141263
Science Fiction,78807
 Animation,78807
 Action,78807
Family,752885
 Animation,752885
 Adventure,752885
Animation,260091
 Family,260091
 Adventure,260091
Animation,42078
 Comedy,42078
 Fantasy,42078
Animation,684583
 Comedy,684583
 Family,684583
 Fantasy,684583
Animation,335832
 Comedy,335832
 Family,335832
Animation,1327927
 Comedy,1327927
Animation,1252371
 Romance,1252371
 Comedy,1252371
Animation,808264
 Adventure,808264
 Family,808264
Animation,1051180
 Action,1051180
 Adventure,1051180
 Comedy,1051180
 Family,1051180
 Science Fiction,1051180
Animation,1018814
 Family,1018814
Animation,790811
 Adventure,790811
Animation,48270
 Horror,48270
Horror,58904
 Thriller,58904
 Animation,58904
Animation,300445
Animation,274353
 Adventure,274353
Animation,557642
 Family,557642
Animation,610672
 Comedy,610672
Animation,64633
 Family,64633
Animation,363263
 Action,363263
 Science Fiction,363263
Adventure,246439
 Animation,246439
 Comedy,246439
 Family,246439
 Fantasy,246439
Animation,587065
 Adventure,587065
 Family,587065
 Fantasy,587065
Animation,529426
 Comedy,529426
 Adventure,529426
 Science Fiction,529426
Animation,674942
 Adventure,674942
 Comedy,674942
 Family,674942
 Fantasy,674942
Family,26187
 Animation,26187
 Comedy,26187
Drama,1481390
 Comedy,1481390
 Fantasy,1481390
 Animation,1481390
Animation,1078012
 Comedy,1078012
 Science Fiction,1078012
 Family,1078012
 Adventure,1078012
Animation,1049830
 Horror,1049830
Animation,1028318
 Fantasy,1028318
 Adventure,1028318
Animation,437525
 Action,437525
 Science Fiction,437525
Animation,273119
 Family,273119
 Adventure,273119
Animation,85405
 Family,85405
 Adventure,85405
 Comedy,85405
Animation,655279
 Drama,655279
Action,35715
 Animation,35715
 Drama,35715
 Science Fiction,35715
Animation,460992
 Adventure,460992
 Family,460992
Animation,407636
 Comedy,407636
 Family,407636
Action,363890
 Animation,363890
 Horror,363890
Action,80394
 Horror,80394
 Science Fiction,80394
 Animation,80394
Animation,1455686
 Family,1455686
 Adventure,1455686
Animation,374648
 Comedy,374648
 Drama,374648
Drama,355200
 Animation,355200
Family,764807
 Adventure,764807
 Animation,764807
Animation,686632
 Fantasy,686632
Animation,740359
 Comedy,740359
Adventure,36007
 Animation,36007
 Family,36007
Animation,258716
 Comedy,258716
 Family,258716
Animation,589973
 Family,589973
 Science Fiction,589973
 Adventure,589973
 Comedy,589973
Animation,214159
Animation,14152
 Family,14152
 Science Fiction,14152
Family,508710
 Animation,508710
Animation,81670
 Adventure,81670
 Family,81670
 Comedy,81670
Animation,422229
 Family,422229
 Mystery,422229
Adventure,398362
 Animation,398362
Animation,278614
 Family,278614
Animation,908115
 Comedy,908115
Animation,114568
 Family,114568
 Comedy,114568
Animation,129853
Animation,425936
 Comedy,425936
Animation,226673
Animation,1187998
 Comedy,1187998
 Fantasy,1187998
Animation,845587
 Family,845587
 Drama,845587
Animation,235141
 Family,235141
Animation,101923
 Family,101923
Animation,1330173
 Comedy,1330173
 Romance,1330173
 Music,1330173
Animation,374746
 Family,374746
 Science Fiction,374746
Horror,784281
 Animation,784281
 Science Fiction,784281
Animation,77742
 Fantasy,77742
 Adventure,77742
 Family,77742
Animation,737525
 Action,737525
Family,31250
 Animation,31250
 Adventure,31250
Animation,1457178
 Fantasy,1457178
 Adventure,1457178
Animation,252778
 Fantasy,252778
Adventure,494902
 Animation,494902
 Family,494902
 Fantasy,494902
Family,52328
 Animation,52328
 TV Movie,52328
Animation,717808
 Family,717808
 Adventure,717808
Animation,1653994
 Action,1653994
 Fantasy,1653994
Family,474946
 Comedy,474946
 Adventure,474946
 Animation,474946
Drama,1576811
 Animation,1576811
Animation,1586587
 Family,1586587
Animation,1570360
 Drama,1570360
 Action,1570360
Animation,1566339
Animation,1560551
 Comedy,1560551
 Documentary,1560551
Animation,1550201
 Action,1550201
 Adventure,1550201
Animation,1105300
Animation,399346
 Fantasy,399346
Animation,1537450
 Family,1537450
Fantasy,1536501
 Music,1536501
 Adventure,1536501
 Family,1536501
 Animation,1536501
Animation,1523663
 Adventure,1523663
 Science Fiction,1523663
Animation,1523377
 Comedy,1523377
 Drama,1523377
 Family,1523377
 Fantasy,1523377
Animation,1520664
 Comedy,1520664
 Adventure,1520664
Comedy,1515529
 Action,1515529
 Animation,1515529
Animation,1512207
 Family,1512207
Animation,1508506
 Fantasy,1508506
 Adventure,1508506
Animation,1507724
 Science Fiction,1507724
Animation,1500788
 Horror,1500788
 Thriller,1500788
 Fantasy,1500788
Animation,1497213
 Drama,1497213
Animation,1489884
 Crime,1489884
 Drama,1489884
Animation,1488299
 Action,1488299
 Comedy,1488299
Animation,1488147
Drama,1487979
 Animation,1487979
Family,1480503
 Animation,1480503
Animation,1469099
 Drama,1469099
 Science Fiction,1469099
Animation,1464377
 Science Fiction,1464377
Animation,1242983
Music,298008
 Animation,298008
Music,296709
 Animation,296709
Animation,312036
Animation,1455670
 Family,1455670
 Adventure,1455670
 Fantasy,1455670
Animation,1451567
 Adventure,1451567
 Music,1451567
 Family,1451567
 Fantasy,1451567
Adventure,663906
 Family,663906
 Fantasy,663906
 Animation,663906
Animation,1446746
 Science Fiction,1446746
Animation,1443838
Animation,1290568
 Fantasy,1290568
 Comedy,1290568
Action,1327821
 Adventure,1327821
 Animation,1327821
 Family,1327821
 Science Fiction,1327821
Animation,1431089
 Drama,1431089
 Comedy,1431089
 Music,1431089
Animation,1431083
 Drama,1431083
 Comedy,1431083
 Music,1431083
Animation,1431009
 Fantasy,1431009
 Adventure,1431009
 Action,1431009
Animation,1416911
 Comedy,1416911
Animation,1416495
 Science Fiction,1416495
Science Fiction,1416480
 Animation,1416480
Horror,1406905
 Animation,1406905
Animation,440447
Animation,1399199
 Comedy,1399199
Animation,1398725
 Action,1398725
 Science Fiction,1398725
 Adventure,1398725
Action,1396323
 Animation,1396323
 Mystery,1396323
 Horror,1396323
Animation,1394610
 Science Fiction,1394610
 Comedy,1394610
Animation,617604
 Adventure,617604
 Fantasy,617604
Animation,1384758
 Comedy,1384758
 Family,1384758
 Adventure,1384758
Animation,1377543
Action,1156621
 Animation,1156621
 Comedy,1156621
 Family,1156621
 Science Fiction,1156621
Animation,1366790
Animation,1355409
Animation,1354438
Animation,414429
Animation,311916
 Family,311916
Animation,949883
 Science Fiction,949883
Animation,1332980
Animation,1329566
 Mystery,1329566
 Fantasy,1329566
Animation,1329028
Animation,1329341
Animation,135662
 Fantasy,135662
Animation,1310313
 Family,1310313
Comedy,1301084
 Animation,1301084
Family,1300926
 Comedy,1300926
 Adventure,1300926
 Animation,1300926
Animation,1286444
 Action,1286444
 Adventure,1286444
 Comedy,1286444
 Family,1286444
 Science Fiction,1286444
 Fantasy,1286444
Animation,345051
Animation,1281462
 Music,1281462
Animation,416670
 Mystery,416670
Animation,1277505
Animation,279870
Animation,1275096
 Family,1275096
 Adventure,1275096
 Fantasy,1275096
Animation,479111
 Comedy,479111
 Crime,479111
 Family,479111
 Fantasy,479111
Documentary,310057
 Animation,310057
Animation,1257585
 Drama,1257585
Animation,1257584
 Drama,1257584
Animation,1254265
Comedy,1250094
 Animation,1250094
Romance,1249417
 Fantasy,1249417
 Animation,1249417
Animation,466409
Animation,1245358
 Comedy,1245358
 Family,1245358
Animation,1245162
 Horror,1245162
Animation,1245011
Animation,1244570
 Comedy,1244570
 Family,1244570
 Science Fiction,1244570
Animation,1241997
 Mystery,1241997
 Comedy,1241997
Animation,1238839
 Adventure,1238839
 Romance,1238839
 Science Fiction,1238839
 Fantasy,1238839
Animation,420612
 Family,420612
Animation,1235424
 Family,1235424
 Science Fiction,1235424
Animation,1231806
Animation,1231799
 Music,1231799
Animation,643979
 Family,643979
Animation,546467
Animation,1228564
 Comedy,1228564
 Science Fiction,1228564
 Family,1228564
Animation,1228296
Animation,1221968
 Horror,1221968
 Comedy,1221968
Animation,1221163
 Horror,1221163
Animation,1221161
 Science Fiction,1221161
Animation,407043
 Fantasy,407043
Animation,1210501
 Adventure,1210501
 Family,1210501
Animation,1209688
Animation,1205861
 Mystery,1205861
 Action,1205861
Animation,1207068
 Horror,1207068
Animation,1201321
 Comedy,1201321
Animation,1198907
Science Fiction,1195880
 Animation,1195880
Animation,1192996
 Action,1192996
Animation,1190624
 Family,1190624
Animation,339597
 Family,339597
Animation,1189001
Animation,471477
 Science Fiction,471477
Animation,1185806
 Adventure,1185806
 Family,1185806
 Comedy,1185806
Animation,1184871
 Comedy,1184871
Animation,1184515
 Science Fiction,1184515
Animation,1182675
 Comedy,1182675
Animation,1182258
 Comedy,1182258
Animation,1179505
 Science Fiction,1179505
 Romance,1179505
Family,1178502
 Fantasy,1178502
 Adventure,1178502
 Animation,1178502
Animation,1174698
 Adventure,1174698
 Comedy,1174698
 Science Fiction,1174698
Action,1171923
 Animation,1171923
 Fantasy,1171923
Animation,319854
Animation,1154660
 Action,1154660
 Fantasy,1154660
Animation,1153825
 Music,1153825
Animation,1153823
 Music,1153823
Animation,1153821
 Music,1153821
Animation,1153820
 Music,1153820
Animation,1153819
 Music,1153819
Animation,1153625
Science Fiction,1153065
 Drama,1153065
 Fantasy,1153065
 Animation,1153065
Animation,410016
Comedy,1149485
 Animation,1149485
Animation,1148189
 Action,1148189
 Adventure,1148189
 Comedy,1148189
 Family,1148189
 Science Fiction,1148189
Horror,479367
 Animation,479367
 TV Movie,479367
Animation,658963
Animation,1141956
Animation,1141242
Animation,628690
 Fantasy,628690
Animation,1134680
 Family,1134680
 Fantasy,1134680
Animation,410936
Animation,466413
Animation,1122419
 Adventure,1122419
 Fantasy,1122419
 Family,1122419
Family,1117898
 Comedy,1117898
 Animation,1117898
 Fantasy,1117898
Animation,414428
 Science Fiction,414428
Animation,546468
Animation,1109331
 War,1109331
Family,1108794
 Music,1108794
 Animation,1108794
Animation,1107134
 Adventure,1107134
 Family,1107134
Animation,1105270
Animation,1101423
 Comedy,1101423
 Family,1101423
 Fantasy,1101423
 Adventure,1101423
Animation,1100639
Animation,1098273
 Fantasy,1098273
 Adventure,1098273
Animation,1093762
 Horror,1093762
 Science Fiction,1093762
 Comedy,1093762
Animation,150577
Animation,1088781
Animation,1088768
Animation,1088785
Animation,1088780
Animation,1088775
Animation,1088771
Animation,1088764
Animation,1088774
Animation,1088788
Animation,1088776
Animation,472521
 Comedy,472521
Animation,1087594
 Comedy,1087594
Animation,1084244
 Family,1084244
 Comedy,1084244
 Adventure,1084244
Animation,1083560
 Action,1083560
 Science Fiction,1083560
Animation,488153
 Comedy,488153
Animation,1077953
 Science Fiction,1077953
Animation,1075657
 Fantasy,1075657
Animation,1074371
Animation,387404
 Fantasy,387404
 Mystery,387404
Animation,1069806
 Family,1069806
 Mystery,1069806
 Adventure,1069806
 Comedy,1069806
Fantasy,1069669
 Animation,1069669
 Family,1069669
 Comedy,1069669
 Science Fiction,1069669
Animation,1067413
 Music,1067413
 Adventure,1067413
 Comedy,1067413
 Family,1067413
 Fantasy,1067413
Animation,603501
 Adventure,603501
Animation,1064734
 Family,1064734
 Science Fiction,1064734
Animation,1058641
 Adventure,1058641
 Comedy,1058641
 Family,1058641
 Fantasy,1058641
Animation,1051308
 Science Fiction,1051308
Comedy,1047097
 Animation,1047097
 Adventure,1047097
Family,30338
 Animation,30338
 Adventure,30338
 Action,30338
Animation,1034404
 Fantasy,1034404
 Adventure,1034404
 Science Fiction,1034404
Animation,432841
Drama,1027936
 Animation,1027936
 Science Fiction,1027936
Animation,1024604
 Family,1024604
 Fantasy,1024604
 Adventure,1024604
Action,1020999
 Drama,1020999
 Horror,1020999
 Animation,1020999
Animation,1016474
 Comedy,1016474
Animation,1007757
 Adventure,1007757
 Comedy,1007757
 Family,1007757
 Fantasy,1007757
Adventure,1005974
 Action,1005974
 Fantasy,1005974
 Animation,1005974
Animation,681383
Animation,328668
Music,456398
 Animation,456398
Animation,998337
 Comedy,998337
 Crime,998337
Fantasy,995719
 Animation,995719
Animation,991531
 Family,991531
Animation,988054
 Adventure,988054
 Horror,988054
Animation,384518
Animation,986149
 Science Fiction,986149
 Adventure,986149
Animation,261405
Animation,520121
Animation,976388
Animation,433679
 Animation,433679
Comedy,973917
 Animation,973917
Family,296881
 Animation,296881
 Comedy,296881
Family,973030
 Action,973030
 Animation,973030
Animation,973037
 Action,973037
Animation,972231
 Music,972231
Animation,366591
Animation,970986
 Music,970986
Animation,327292
 Drama,327292
 Science Fiction,327292
Animation,366641
 Science Fiction,366641
Animation,466414
Animation,962817
Animation,962086
Animation,961714
Animation,960924
 Adventure,960924
 History,960924
Animation,960968
Family,957838
 Animation,957838
 Music,957838
Animation,950903
 Comedy,950903
Animation,951307
Horror,950765
 Animation,950765
Documentary,949796
 Animation,949796
Animation,948102
 Comedy,948102
 Western,948102
Animation,946967
 Science Fiction,946967
 Adventure,946967
Animation,946176
Animation,576613
Animation,945322
 Comedy,945322
Animation,945394
 Comedy,945394
Animation,943755
Animation,943785
Animation,943753
Animation,943831
 Comedy,943831
Animation,943781
 Fantasy,943781
Animation,943832
 Music,943832
Animation,943541
 Comedy,943541
 Drama,943541
 Romance,943541
Animation,943787
Animation,943561
 Science Fiction,943561
Animation,943817
Animation,943804
Animation,943532
Animation,943521
Animation,943494
 Comedy,943494
Animation,943510
 Family,943510
Comedy,942179
 Animation,942179
Family,942020
 Comedy,942020
 Adventure,942020
 Fantasy,942020
 Animation,942020
Animation,308835
Animation,345049
Comedy,472370
 Animation,472370
Comedy,617578
 Animation,617578
Animation,380109
 Comedy,380109
 Family,380109
Comedy,472371
 Adventure,472371
 Animation,472371
Animation,940458
Fantasy,545018
 Animation,545018
Science Fiction,456315
 Animation,456315
Animation,472384
 Comedy,472384
 Science Fiction,472384
Fantasy,631102
 Animation,631102
Drama,488042
 Animation,488042
Animation,939974
Animation,938409
 Adventure,938409
 Family,938409
 Fantasy,938409
Drama,938010
 Animation,938010
Animation,346955
Fantasy,937209
 Animation,937209
Fantasy,936814
 Animation,936814
Drama,937073
 Animation,937073
Adventure,936521
 Animation,936521
Science Fiction,936477
 Animation,936477
Crime,936395
 Comedy,936395
 Animation,936395
Fantasy,936493
 Science Fiction,936493
 Animation,936493
Animation,936116
 Comedy,936116
Fantasy,935765
 Animation,935765
Comedy,935773
 Animation,935773
Adventure,935090
 Comedy,935090
 Animation,935090
Fantasy,935309
 Adventure,935309
 Animation,935309
Animation,515211
Comedy,934139
 Adventure,934139
 Animation,934139
Adventure,934152
 Fantasy,934152
 Animation,934152
Fantasy,933737
 Adventure,933737
 Animation,933737
Comedy,933532
 Adventure,933532
 Animation,933532
Drama,933523
 Fantasy,933523
 Animation,933523
Thriller,932852
 Animation,932852
Fantasy,931786
 Animation,931786
Science Fiction,930998
 Animation,930998
Fantasy,931028
 Animation,931028
Animation,339000
Fantasy,930717
 Animation,930717
Fantasy,930383
 Drama,930383
 Animation,930383
Comedy,930324
 Animation,930324
Comedy,930011
 Animation,930011
Animation,929702
Drama,929856
 Comedy,929856
 Animation,929856
Animation,930204
 Comedy,930204
Comedy,929684
 Animation,929684
Science Fiction,929347
 Comedy,929347
 Animation,929347
Animation,929341
 Comedy,929341
Animation,928923
 Action,928923
 Comedy,928923
Animation,928635
 Comedy,928635
 Science Fiction,928635
Animation,928280
Animation,924941
Animation,342669
Adventure,680770
 Animation,680770
 Comedy,680770
 Family,680770
 Fantasy,680770
Animation,331428
Animation,920231
Animation,919693
Animation,919341
Animation,569465
Animation,919333
Animation,919338
Animation,919334
Animation,919332
Animation,919337
Animation,919342
Animation,919101
Comedy,919102
 Animation,919102
Animation,917696
 Action,917696
 Adventure,917696
Animation,403937
Documentary,915676
 Animation,915676
Animation,915193
Animation,914233
Animation,914067
Animation,911916
 Action,911916
 Adventure,911916
 Science Fiction,911916
Animation,912949
Animation,913015
Animation,912952
Animation,912955
Animation,638984
Animation,912291
 Comedy,912291
 Family,912291
Animation,911480
Animation,911490
Animation,910862
 Comedy,910862
Animation,910846
Animation,910641
Animation,909951
 Music,909951
Animation,908388
Animation,906405
Animation,906408
 Action,906408
 Adventure,906408
 Comedy,906408
Science Fiction,488316
 Animation,488316
Animation,900378
Animation,361546
 Romance,361546
Animation,899159
Science Fiction,897319
 Animation,897319
Animation,898456
Animation,325786
Science Fiction,650296
 Animation,650296
Animation,894973
Adventure,894339
 Animation,894339
 Science Fiction,894339
Animation,893910
 Comedy,893910
 Thriller,893910
 Horror,893910
Animation,374407
Comedy,891274
 Animation,891274
Animation,890671
Animation,889325
Animation,888567
Animation,887460
 Fantasy,887460
Science Fiction,886998
 Animation,886998
Animation,887122
 Comedy,887122
Animation,425938
 Horror,425938
 Fantasy,425938
 Comedy,425938
Animation,882816
Animation,406965
Animation,634223
Animation,578080
 Adventure,578080
Action,875150
 Adventure,875150
 Animation,875150
 Fantasy,875150
Animation,874104
 Family,874104
Animation,873775
 Thriller,873775
 Fantasy,873775
Animation,873008
Documentary,453967
 Animation,453967
Animation,453441
 Documentary,453441
Animation,872559
Animation,872064
Horror,346175
 Animation,346175
 Science Fiction,346175
Animation,512347
Animation,868601
Animation,866317
 Science Fiction,866317
 Drama,866317
Animation,77134
 Comedy,77134
Animation,864923
 Music,864923
Action,864338
 Drama,864338
 Animation,864338
Animation,857536
 Comedy,857536
Action,854481
 Comedy,854481
 Animation,854481
Comedy,854393
 Science Fiction,854393
 Animation,854393
Animation,640394
 Action,640394
 Adventure,640394
 Drama,640394
 Family,640394
 Science Fiction,640394
Animation,635766
Animation,345055
Animation,843762
Animation,843743
 Fantasy,843743
Animation,843752
 Comedy,843752
Animation,843682
Animation,843745
Animation,411948
Animation,843120
 Fantasy,843120
Animation,843339
 Documentary,843339
 History,843339
Animation,842713
 Adventure,842713
 Fantasy,842713
Animation,842664
Animation,842687
Animation,842704
Animation,218775
Fantasy,832908
 Animation,832908
Animation,831080
Animation,829406
 Adventure,829406
 Fantasy,829406
 Science Fiction,829406
Animation,829404
Animation,828654
Animation,828704
 Drama,828704
Music,314601
 Family,314601
 Animation,314601
Animation,569467
Documentary,371903
 Animation,371903
Animation,346946
Animation,824926
Animation,824819
 Comedy,824819
Animation,331255
 Adventure,331255
 Fantasy,331255
 Drama,331255
Animation,560396
Animation,610737
 Music,610737
 Action,610737
 Fantasy,610737
Fantasy,68423
 Animation,68423
 Science Fiction,68423
Animation,820797
Animation,820965
 Drama,820965
Animation,821094
 Fantasy,821094
 Horror,821094
Animation,474139
 Fantasy,474139
 Family,474139
Animation,568430
 Music,568430
Animation,562443
 Adventure,562443
 Science Fiction,562443
Animation,570924
 Fantasy,570924
Animation,496503
Comedy,351395
 Animation,351395
Animation,466419
Animation,814795
 Adventure,814795
 Comedy,814795
 Family,814795
Animation,813341
 Science Fiction,813341
Animation,812146
 Documentary,812146
Animation,369002
 Family,369002
Animation,500889
 TV Movie,500889
Animation,510494
 Comedy,510494
Horror,807383
 Animation,807383
Science Fiction,206918
 Animation,206918
 Comedy,206918
Comedy,617512
 Animation,617512
Animation,805828
 Family,805828
Science Fiction,206919
 Animation,206919
 Comedy,206919
Science Fiction,206914
 Comedy,206914
 Animation,206914
Science Fiction,206917
 Comedy,206917
 Animation,206917
Animation,802950
Action,434352
 Animation,434352
 Drama,434352
 War,434352
Animation,457217
 Music,457217
Animation,800489
 Music,800489
Animation,800344
 Comedy,800344
 Drama,800344
Drama,800084
 Animation,800084
Romance,589282
 Animation,589282
Animation,621926
 Action,621926
 Crime,621926
 Fantasy,621926
Documentary,270752
 Animation,270752
Animation,252302
Animation,229132
Animation,197747
 Comedy,197747
 Family,197747
Animation,658846
Animation,165226
 Family,165226
Animation,132950
 TV Movie,132950
Animation,93500
Animation,68373
 Horror,68373
Animation,63496
 Science Fiction,63496
Animation,54823
Animation,796272
 Adventure,796272
 Action,796272
Animation,796039
 Comedy,796039
 Science Fiction,796039
 Adventure,796039
Adventure,462901
 Animation,462901
 Fantasy,462901
Science Fiction,794685
 Animation,794685
 War,794685
 Comedy,794685
Animation,613211
Animation,201773
 Science Fiction,201773
 Fantasy,201773
Animation,84963
 Science Fiction,84963
 Fantasy,84963
Animation,568701
 Comedy,568701
Animation,46575
 Action,46575
 Thriller,46575
 Science Fiction,46575
Adventure,431296
 Animation,431296
Animation,461711
 Adventure,461711
 Science Fiction,461711
Animation,488164
Animation,425694
 History,425694
 Action,425694
 Adventure,425694
 Family,425694
Animation,210832
Animation,791381
 Music,791381
Animation,658845
 Adventure,658845
Animation,790083
 Fantasy,790083
 Family,790083
Animation,790115
 Comedy,790115
Animation,789928
 Comedy,789928
Animation,97132
 Adventure,97132
 Fantasy,97132
Animation,786604
 Music,786604
Family,426134
 Animation,426134
 Fantasy,426134
Animation,291046
Animation,289311
 Family,289311
 Fantasy,289311
Animation,206313
Animation,160006
 Adventure,160006
 Family,160006
Animation,785698
Animation,58186
Comedy,505923
 Animation,505923
Animation,631312
Animation,372415
Animation,207448
 Comedy,207448
 Family,207448
 Science Fiction,207448
Animation,589209
 Action,589209
 Adventure,589209
 Comedy,589209
 Drama,589209
 Family,589209
 Science Fiction,589209
Animation,546776
Animation,593341
 History,593341
 Drama,593341
Animation,381745
 Science Fiction,381745
Animation,98365
 Family,98365
Horror,606041
 Animation,606041
Comedy,769870
 Action,769870
 Animation,769870
Animation,559189
 Fantasy,559189
Animation,558847
 Drama,558847
Animation,768974
 Science Fiction,768974
Romance,456321
 Comedy,456321
 Animation,456321
Animation,766947
 Comedy,766947
Animation,766434
 Music,766434
 Comedy,766434
Animation,766041
 Comedy,766041
Animation,764650
 Family,764650
Animation,764827
Animation,763545
Comedy,617572
 Animation,617572
Animation,391418
Animation,760775
Action,361489
 Adventure,361489
 Animation,361489
 Fantasy,361489
 Mystery,361489
Animation,447835
 Family,447835
Animation,659172
Animation,238116
Animation,757102
 Music,757102
Animation,756806
 Comedy,756806
 Family,756806
 Science Fiction,756806
Animation,121025
 Science Fiction,121025
 Family,121025
Action,476294
 Adventure,476294
 Animation,476294
 Crime,476294
 Science Fiction,476294
Animation,458124
 Science Fiction,458124
 Family,458124
Animation,428846
Animation,62604
 Action,62604
 Adventure,62604
 Family,62604
Animation,443683
Animation,62603
 Action,62603
 Adventure,62603
 Family,62603
Family,748865
 Adventure,748865
 Animation,748865
 Fantasy,748865
Animation,426336
Animation,748331
Animation,550418
Animation,592876
Animation,523291
 Documentary,523291
Documentary,702424
 Animation,702424
Animation,399445
 Science Fiction,399445
Animation,666875
 Adventure,666875
Animation,700450
 Music,700450
Animation,698879
 Science Fiction,698879
Animation,697983
 Drama,697983
 Romance,697983
 Comedy,697983
Animation,257949
 Family,257949
Animation,123805
 Fantasy,123805
 Science Fiction,123805
Animation,67785
 Music,67785
 Family,67785
Animation,694808
Science Fiction,298011
 Animation,298011
Animation,151316
 Family,151316
 Fantasy,151316
 Comedy,151316
Animation,251375
 Family,251375
Family,275128
 Animation,275128
Animation,549245
 Adventure,549245
 Family,549245
 Science Fiction,549245
Animation,52834
 Family,52834
 TV Movie,52834
Animation,694266
Fantasy,74551
 Animation,74551
 Science Fiction,74551
Animation,59849
Science Fiction,239908
 Animation,239908
Animation,585324
Animation,585335
Animation,2120
 Family,2120
Animation,634854
 Adventure,634854
 Horror,634854
 Music,634854
 Fantasy,634854
Adventure,459922
 Animation,459922
Fantasy,456318
 Animation,456318
Animation,567106
Animation,416277
 Horror,416277
Animation,469995
Animation,223419
 Adventure,223419
Action,13273
 Adventure,13273
 Drama,13273
 Animation,13273
Animation,410806
Animation,469984
Animation,448502
Animation,384844
 Action,384844
 Science Fiction,384844
Science Fiction,525204
 Animation,525204
Animation,469989
Animation,358622
 Science Fiction,358622
Animation,452896
Animation,359135
 Family,359135
Animation,564286
 Adventure,564286
 Drama,564286
 Fantasy,564286
Animation,686130
 Comedy,686130
Animation,438554
 Drama,438554
Animation,482586
 Family,482586
 Adventure,482586
Animation,300914
 Comedy,300914
Animation,511488
Animation,381629
 Adventure,381629
 Fantasy,381629
 Drama,381629
Animation,367310
 Fantasy,367310
Animation,729373
 Science Fiction,729373
 Action,729373
 Adventure,729373
Animation,645990
 Family,645990
 Fantasy,645990
Animation,564284
 Adventure,564284
 Fantasy,564284
 Drama,564284
Animation,564285
 Science Fiction,564285
 Drama,564285
 Adventure,564285
Animation,429379
 Fantasy,429379
Documentary,657033
 Animation,657033
 History,657033
Animation,721246
Comedy,719538
 Science Fiction,719538
 Animation,719538
Animation,719158
 War,719158
 Drama,719158
Drama,588052
 War,588052
 Animation,588052
Animation,719161
 Drama,719161
Animation,718800
Animation,718827
 Fantasy,718827
Animation,718796
Animation,718253
 Crime,718253
 Mystery,718253
Animation,714140
Animation,714119
 Comedy,714119
Animation,396524
 Horror,396524
Action,730483
 Science Fiction,730483
 Comedy,730483
 Fantasy,730483
 Animation,730483
Family,410948
 Animation,410948
Animation,731279
 Family,731279
 Fantasy,731279
Animation,743576
Animation,651327
Animation,701235
 Action,701235
 Fantasy,701235
Animation,738626
Animation,737237
 Comedy,737237
Animation,745441
Animation,656372
 Comedy,656372
Animation,743713
 Fantasy,743713
 Science Fiction,743713
 Music,743713
Animation,729067
 Action,729067
 Adventure,729067
Animation,745206
Animation,745152
Animation,745149
Animation,744756
 Science Fiction,744756
Animation,564269
Animation,86700
 Adventure,86700
Animation,738888
Animation,127290
 Science Fiction,127290
 Action,127290
 Adventure,127290
Animation,91525
 Comedy,91525
Animation,571448
 Fantasy,571448
 Family,571448
Animation,55285
 Family,55285
 Fantasy,55285
Animation,251278
 Comedy,251278
 Family,251278
 Fantasy,251278
 Science Fiction,251278
Animation,611399
 Family,611399
 Fantasy,611399
Animation,357421
 Horror,357421
 Science Fiction,357421
Adventure,362059
 Animation,362059
 Comedy,362059
Animation,71080
 Family,71080
 Adventure,71080
Animation,80779
 Action,80779
 Adventure,80779
 Comedy,80779
 Fantasy,80779
Animation,416207
 Action,416207
 Drama,416207
 Family,416207
 History,416207
Animation,731362
 Comedy,731362
Animation,231220
 Comedy,231220
 Action,231220
Comedy,727346
 Animation,727346
Animation,334380
 Adventure,334380
 Fantasy,334380
Adventure,57277
 Animation,57277
 Comedy,57277
 Family,57277
Animation,24661
 Adventure,24661
 Family,24661
Animation,710529
Animation,399433
Animation,154981
 Science Fiction,154981
Animation,707394
 Family,707394
Documentary,146698
 Animation,146698
Animation,25662
 Adventure,25662
Animation,424654
 Horror,424654
Animation,422531
 Adventure,422531
 Comedy,422531
Animation,469483
Fantasy,296318
 Animation,296318
Adventure,656618
 Animation,656618
 Comedy,656618
 Family,656618
 Music,656618
Animation,360911
 Drama,360911
 Science Fiction,360911
Fantasy,25523
 Animation,25523
 Comedy,25523
 Family,25523
 Adventure,25523
Adventure,199895
 Animation,199895
 Science Fiction,199895
 Action,199895
Thriller,48682
 Fantasy,48682
 Science Fiction,48682
 Animation,48682
Animation,125134
 Adventure,125134
 Fantasy,125134
Adventure,410145
 Animation,410145
 Science Fiction,410145
Animation,100838
 Family,100838
Fantasy,59832
 Animation,59832
 Science Fiction,59832
 Family,59832
Animation,276878
 Science Fiction,276878
Animation,550098
 Adventure,550098
 Comedy,550098
 Family,550098
 Music,550098
Animation,690669
 History,690669
Animation,38694
 Family,38694
Animation,368010
Action,492926
 Animation,492926
 Science Fiction,492926
Animation,360289
 Family,360289
Family,275602
 Comedy,275602
 Animation,275602
Animation,434276
 Comedy,434276
 Romance,434276
Animation,446124
Comedy,504120
 Animation,504120
Fantasy,397355
 Animation,397355
 Action,397355
 Family,397355
Family,299118
 Animation,299118
Comedy,304941
 Animation,304941
 Adventure,304941
Comedy,199947
 Animation,199947
Animation,711998
 Family,711998
 Fantasy,711998
Animation,79490
 Music,79490
Animation,448665
 Family,448665
Animation,355068
 Family,355068
 Adventure,355068
 Fantasy,355068
Animation,54892
 Action,54892
 Adventure,54892
Animation,405633
 Family,405633
 Fantasy,405633
Animation,273312
 Family,273312
Animation,115940
 Adventure,115940
 Family,115940
Comedy,1637261
 Animation,1637261
Animation,1417128
 Drama,1417128
 Music,1417128
Animation,1589587
Animation,1593450
 Comedy,1593450
 Adventure,1593450
Animation,1619227
 Science Fiction,1619227
Animation,1616302
 Drama,1616302
Animation,1616296
Animation,1614746
 Family,1614746
 Drama,1614746
Animation,1595124
 Fantasy,1595124
 Comedy,1595124
 Family,1595124
Animation,1609182
 Comedy,1609182
 Family,1609182
 Fantasy,1609182
Animation,1567283
Animation,1561499
 Comedy,1561499
Animation,1557545
Animation,1554379
 Family,1554379
Action,1552336
 Animation,1552336
 Drama,1552336
Animation,1550192
 Drama,1550192
Animation,1547567
 Fantasy,1547567
 Adventure,1547567
 Drama,1547567
Animation,1543777
 Thriller,1543777
Science Fiction,1539623
 Horror,1539623
 Animation,1539623
Animation,1535569
 Thriller,1535569
 Science Fiction,1535569
Animation,1531415
Animation,1527304
 Comedy,1527304
 Drama,1527304
Animation,1526560
 Comedy,1526560
Animation,1518105
Science Fiction,1517658
 Animation,1517658
Animation,1515888
 Drama,1515888
 Horror,1515888
 Music,1515888
 Thriller,1515888
 Science Fiction,1515888
Comedy,1510661
 Music,1510661
 Animation,1510661
Family,1510501
 Comedy,1510501
 Adventure,1510501
 Animation,1510501
Animation,1490826
 Horror,1490826
 Thriller,1490826
Animation,1478449
Animation,1475465
 Science Fiction,1475465
 Fantasy,1475465
 Family,1475465
Adventure,1433423
 Mystery,1433423
 Animation,1433423
 Fantasy,1433423
Animation,1467040
 Fantasy,1467040
 Adventure,1467040
 Action,1467040
Animation,1447327
 Music,1447327
Animation,352421
 Comedy,352421
Animation,1433457
 Adventure,1433457
 Family,1433457
 Music,1433457
Animation,1429343
Adventure,1422407
 Animation,1422407
 Comedy,1422407
 Fantasy,1422407
Animation,1384303
Animation,1379689
 Science Fiction,1379689
Animation,1379278
 Drama,1379278
 Fantasy,1379278
Animation,1370105
Animation,1369921
Animation,1366340
Adventure,1365451
 Animation,1365451
Animation,1360527
 War,1360527
 Drama,1360527
Animation,1358073
Animation,1352043
 Drama,1352043
Animation,1329944
 Drama,1329944
Comedy,1329197
 Family,1329197
 Animation,1329197
Animation,1322776
Animation,1321487
Animation,1320906
 Fantasy,1320906
 Comedy,1320906
Romance,1313199
 Animation,1313199
Animation,1299531
Animation,1298785
 Drama,1298785
Science Fiction,1297881
 Animation,1297881
 Action,1297881
 Adventure,1297881
Animation,1292704
 Action,1292704
 Adventure,1292704
 Comedy,1292704
 Family,1292704
 Science Fiction,1292704
Animation,1292178
 Family,1292178
Animation,1288779
Animation,1288761
Animation,1288704
Animation,1288094
 Horror,1288094
 Thriller,1288094
Animation,1287029
Animation,1286451
 Action,1286451
 Adventure,1286451
 Comedy,1286451
 Family,1286451
 Science Fiction,1286451
Animation,1276863
Animation,1273999
 Comedy,1273999
Animation,1059815
 Action,1059815
 Science Fiction,1059815
Animation,1258925
 Action,1258925
 Adventure,1258925
 Fantasy,1258925
 Science Fiction,1258925
Horror,1257772
 Animation,1257772
Science Fiction,1253101
 Music,1253101
 Animation,1253101
Animation,1251536
 Comedy,1251536
 Crime,1251536
Animation,1251532
 Comedy,1251532
 Crime,1251532
Animation,1249648
Animation,1249633
 Music,1249633
Animation,1238691
Animation,1237460
 Comedy,1237460
 Fantasy,1237460
Animation,1233154
 Fantasy,1233154
Animation,1232941
 Adventure,1232941
 Family,1232941
 Fantasy,1232941
Animation,1221883
Animation,1221148
 Fantasy,1221148
Animation,1219701
Animation,1214309
 Comedy,1214309
Adventure,1213548
 Animation,1213548
Animation,1205504
 Adventure,1205504
 Fantasy,1205504
 Family,1205504
Animation,1208810
 Comedy,1208810
Animation,1201602
 Family,1201602
 Comedy,1201602
 Adventure,1201602
Animation,1200081
Animation,1195187
 Action,1195187
Animation,593981
Animation,1185102
 Music,1185102
Animation,1184483
Animation,563976
Animation,1173601
Animation,1170831
 Fantasy,1170831
Animation,1166025
 Comedy,1166025
Animation,1150013
Animation,1148993
 Music,1148993
Animation,1142052
Animation,1138528
 Comedy,1138528
 Fantasy,1138528
 Music,1138528
Animation,1138526
 Fantasy,1138526
 Science Fiction,1138526
Animation,1133081
Animation,1128953
Animation,1118838
 Thriller,1118838
 Drama,1118838
 Comedy,1118838
Animation,1109574
 Music,1109574
Animation,1106296
Action,1078787
 Adventure,1078787
 Animation,1078787
 Comedy,1078787
Animation,1076704
 Family,1076704
 Adventure,1076704
 Fantasy,1076704
 Science Fiction,1076704
Animation,1073071
 Comedy,1073071
Animation,1057711
 Family,1057711
Animation,1051834
Animation,1045874
 Adventure,1045874
 Comedy,1045874
 Family,1045874
Animation,1007780
Animation,998289
Science Fiction,997507
 Animation,997507
Fantasy,996588
 Animation,996588
Animation,992863
 Horror,992863
 Drama,992863
Animation,991036
 Comedy,991036
Animation,991042
 Comedy,991042
Animation,991039
 Comedy,991039
Animation,991038
 Comedy,991038
Animation,988057
 Adventure,988057
 Horror,988057
Animation,981490
Animation,981464
Animation,981133
Animation,980061
 Comedy,980061
 Fantasy,980061
Animation,978451
Animation,974247
 Music,974247
Animation,970660
 Fantasy,970660
Animation,962191
Animation,961694
Comedy,960309
 Animation,960309
Science Fiction,960625
 Animation,960625
Comedy,953698
 Animation,953698
Animation,950896
 Drama,950896
Comedy,951796
 Animation,951796
Fantasy,950864
 Animation,950864
Animation,947574
Adventure,943885
 Animation,943885
Comedy,942328
 Animation,942328
Fantasy,942583
 Animation,942583
Fantasy,942004
 Family,942004
 Animation,942004
Fantasy,942014
 Animation,942014
 Drama,942014
Fantasy,941965
 Family,941965
 Animation,941965
Animation,354955
 War,354955
 Drama,354955
Comedy,940825
 Family,940825
 Animation,940825
Fantasy,631095
 Adventure,631095
 Animation,631095
Fantasy,937679
 Animation,937679
Fantasy,937284
 Animation,937284
Fantasy,936913
 Animation,936913
Comedy,936662
 Animation,936662
Action,936429
 Comedy,936429
 Animation,936429
Adventure,936401
 Animation,936401
Fantasy,936411
 Adventure,936411
 Animation,936411
Comedy,936315
 Animation,936315
Comedy,936299
 Animation,936299
Fantasy,936327
 Comedy,936327
 Animation,936327
Action,936277
 Comedy,936277
 Animation,936277
Comedy,936289
 Animation,936289
Action,935080
 Animation,935080
Horror,934659
 Animation,934659
Comedy,934636
 Animation,934636
Adventure,933998
 Fantasy,933998
 Animation,933998
Animation,933893
 Fantasy,933893
Adventure,933121
 Animation,933121
Science Fiction,932970
 Comedy,932970
 Animation,932970
Action,933106
 Animation,933106
Fantasy,932877
 Animation,932877
Animation,931602
 Action,931602
Romance,931082
 Animation,931082
Science Fiction,931089
 Adventure,931089
 Animation,931089
Adventure,930559
 Animation,930559
Fantasy,930221
 Animation,930221
Action,929652
 Comedy,929652
 Animation,929652
Animation,928573
Animation,928820
 Adventure,928820
Animation,928555
 History,928555
Animation,928612
 Science Fiction,928612
Animation,928784
 Adventure,928784
 Fantasy,928784
Animation,927725
 Adventure,927725
Animation,927562
 Science Fiction,927562
Animation,927400
 Comedy,927400
Animation,926719
 Fantasy,926719
Animation,921839
 Science Fiction,921839
Animation,921345
Animation,916587
Animation,915049
 Comedy,915049
Animation,910904
 Comedy,910904
 Western,910904
Adventure,901191
 Fantasy,901191
 Animation,901191
Fantasy,876102
 Family,876102
 Animation,876102
Animation,884702
 Science Fiction,884702
 Fantasy,884702
Animation,882563
Animation,880828
 Horror,880828
 Fantasy,880828
Animation,865646
Animation,857948
 Adventure,857948
 Fantasy,857948
 Family,857948
 War,857948
Adventure,857485
 Animation,857485
Adventure,854482
 Drama,854482
 Animation,854482
Fantasy,854478
 Comedy,854478
 Animation,854478
Animation,825360
 Documentary,825360
Animation,537923
 Action,537923
 Adventure,537923
War,798666
 Drama,798666
 Animation,798666
Animation,791387
Animation,274594
Animation,630746
Animation,764656
 Comedy,764656
Comedy,662991
 Animation,662991
Animation,750771
Animation,688744
Animation,727886
 Fantasy,727886
 Mystery,727886
Animation,346943
Animation,734328
Science Fiction,729501
 Animation,729501
Animation,438247
Animation,743540
Animation,737029
 Music,737029
 Family,737029
Animation,719147
 Fantasy,719147
 Drama,719147
 Family,719147
